model consumption,emissions,energylabel
Opel ADAM,"1.4,XEL GLP,87,Cv,M5,,13.08,114,NA
Opel ADAM,1.0,XFT,Start,&,Stop,115,Cv,M6,4.9,112,C
Opel ADAM,1.0,XFT,Start,&,Stop,115,Cv,M6,5,115,C
Opel ADAM,1.2,XEL Start,&,Stop,70,Cv,M5,4.9,116,C
Opel ADAM,1.2,XEL Start,&,Stop,70,Cv,M5,4.9,115,C
Opel ADAM,1.4,NEH,Start,&,Stop,150,Cv,M6,5.9,139,E
Opel ADAM,1.4,XEL 87,Cv,MTA5,118,C
Opel ADAM,1.4,XEL 87,Cv,MTA,4.9,115,C
Opel ADAM,1.4,XEL GLP,87,Cv,M5,7.1,109,NA
Opel ADAM,1.4,XEL GLP,87,Cv,M5,6.92,108,NA
Opel ADAM,1.4,XEL Start,&,Stop,87,Cv,M5,5.1,119,C
Opel ADAM,1.4,XEL Start,&,Stop,87,Cv,M5,5.1,118,C
Opel ADAM,1.4,XER,Start,&,Stop,100,Cv,M5,5.1,119,C
Opel ADAM,1.4,XER,Start,&,Stop,100,Cv,M5,5.1,118,C
Opel ADAM,MY14,"1.2,XEL Start,&,Stop,70,Cv,M5,,5.1,119,C
Opel ADAM,MY14,"1.4,XEL Start,&,Stop,87,Cv,M5,,5.1,120,C
Opel ADAM,MY14,"1.4,XER,100,Cv,Start,&,Stop,M5,,5.1,120,C
Opel ADAM,MY14,1.2,XEL Start,&,Stop,70,Cv,M5,5,118,C
Opel ADAM,MY14,1.4,XEL Start,&,Stop,87,Cv,M5,5.1,119,C
Opel ADAM,MY14,1.4,XER,100,Cv,Start,&,Stop,M5,5.1,119,C
Opel ADAM,MY14''5,1.2,XEL Start,&,Stop,70,Cv,M5,5,117,C
Opel ADAM,MY14''5,1.2,XEL Start,&,Stop,70,Cv,M5,5,118,C
Opel ADAM,MY15'5,1.4,XEL GLP,87,Cv,M5,12.9,112,NA
Opel ADAM,MY15'5,1.4,XEL GLP,87,Cv,M5,13.08,114,NA
Opel ADAM,MY16,1.0,XFT,Start,&,Stop,115,Cv,M6,5.1,119,C
Opel ADAM,MY18,1.2,XEL Start,&,Stop,70,Cv,M5,4.9,116,C
Opel ADAM,MY18,1.2,XEL Start,&,Stop,70,Cv,M5,4.9,115,C
Opel Agila,1.2,16v,M5,EoE5.1,118,C
Opel Agila,1.2,16v,M5,Start,&,Stop,EoE5,115,C
Opel Agila,MY11,1.2,16v,M5,EoE,86,Cv,5.5,129,D
Opel Agila,MY11,1.3,CDTI,4.5,120,E
Opel Agila,MY12,1.2,16v,M5,EoE,94,Cv,5.1,119,C
Opel Agila,MY13,1.2,16v,M5,Start,&,Stop,EoE94,Cv,5,116,C
Opel Ampera,150,Cv,1.2,27,A
Opel Antara,2.2,CDTI,163,Cv,A6,4x4,8,211,G
Opel Antara,2.2,CDTI,163,Cv,Start,&,Stop,M6,4x2,6.1,160,D
Opel Antara,2.2,CDTI,163,Cv,Start,&,Stop,M6,4x4,6.4,170,E
Opel Antara,2.2,CDTI,184,Cv,A6,4x4,8,211,G
Opel Antara,2.2,CDTI,184,Cv,Start,&,Stop,M6,4x4,6.4,170,E
Opel Antara,2.4,16v,167,Cv,M6,4x2,8.8,206,E
Opel Antara,2.4,16v,167,Cv,M6,4x2,(M1-AF),8.8,206,E
Opel Antara,MY11,2.2,CDTi,163,Cv,A6,4x4,7.8,205,G
Opel Antara,MY11,2.2,CDTi,163,Cv,M6,4x2,6.3,167,E
Opel Antara,MY11,2.2,CDTi,163,Cv,M6,4x4,6.6,175,E
Opel Antara,MY11,2.2,CDTi,184,Cv,A6,4x4,7.8,205,G
Opel Antara,MY11,2.2,CDTi,184,Cv,M6,4x4,6.6,175,E
Opel Antara,MY13,2.2,CDTI,163,Cv,A6,4x4,7.9,208,G
Opel Antara,MY13,2.2,CDTI,184,Cv,A6,4x4,7.9,208,G
Opel Astra,"1.6,CDTI,Start,&,Stop,136,Cv,M6,,4.2,110,B
Opel Astra,"1.6,Turbo,180,Cv,M6,,6.8,160,C
Opel Astra,"1.7,CDTI,110,Cv,M6,,4.7,123,C
Opel Astra,"1.7,CDTI,130,Cv,M6,,4.7,123,C
Opel Astra,"1.7,CDTI,Start,&,Stop110,Cv,M6,(llantas,18"",y,19""),",4.4,117,B
Opel Astra,"1.7,CDTI,Start,&,Stop,110,Cv,M6,,4.3,114,B
Opel Astra,"1.7,CDTI,Start,&,Stop,130,Cv,M6,,4.3,114,B
Opel Astra,"2.0,CDTI,165,Cv,A6,,5.7,152,D
Opel Astra,"2.0,CDTI,Start,&,Stop,165,Cv,M6,,4.6,123,B
Opel Astra,1.3,EoFlex,Start,&,Stop,95,Cv,3.9,104,A
Opel Astra,1.4,100,Cv,M5,5.5,129,B
Opel Astra,1.4,Turbo,140,Cv,A6,6.7,157,C
Opel Astra,1.4,Turbo,140,Cv,M6,6.1,144,C
Opel Astra,1.4,Turbo,GLP,140,Cv,M6,8.04,123,NA
Opel Astra,1.6,115,Cv,M5,6.7,158,C
Opel Astra,1.6,115,Cv,M5,,6.5,152,C
Opel Astra,1.6,CDTI,Start,&,Stop,110,Cv,M6,4,105,A
Opel Astra,1.6,CDTI,Start,&,Stop,110,Cv,M6,,4.1,109,A
Opel Astra,1.6,CDTI,Start,&,Stop,136,Cv,M6,4.2,111,B
Opel Astra,1.6,CDTI,Start,&,Stop,136,Cv,M6,,4.4,116,B
Opel Astra,1.6,Turbo,180,Cv,M6,6.8,159,C
Opel Astra,1.6,Turbo,Start,&,Stop,170,Cv,M6,6.3,148,C
Opel Astra,1.7,CDTI,110,Cv,M6,4.5,119,B
Opel Astra,1.7,CDTI,130,Cv,M6,4.5,119,B
Opel Astra,1.7,CDTI,Start,&,Stop110,Cv,M6,4.3,114,B
Opel Astra,1.7,CDTI,Start,&,Stop,110,Cv,M6,4.2,110,B
Opel Astra,1.7,CDTI,Start,&,Stop,130,Cv,M6,4.2,110,B
Opel Astra,1.7,EoFlex,Start,&,Stop,130,Cv,M6,3.7,99,A
Opel Astra,2.0,CDTI,165,Cv,A6,5.6,148,D
Opel Astra,2.0,CDTI,Start,&,Stop,165,Cv,M6,4.5,119,B
Opel Astra,2.0,CDTI,Start,&,Stop,195,Cv,M6,5.1,134,C
Opel Astra,GTC,"1.4,Turbo,Start,&,Stop,140,Cv,M6,6,142,B
Opel Astra,GTC,"1.6,CDTI,Start,&,Stop,136,Cv,M6,4.4,115,B
Opel Astra,GTC,"1.6,Turbo,180,Cv,M6,7.2,169,D
Opel Astra,GTC,"1.6,Turbo,Start,&,Stop,170,Cv,M6,6.1,144,B
Opel Astra,GTC,"1.7,CDTI,Start,&,Stop,130,Cv,M6,4.4,116,B
Opel Astra,GTC,"2.0,CDTI,165,Cv,A6,5.7,150,D
Opel Astra,GTC,"2.0,CDTI,Start,&,Stop,165,Cv,M6,4.7,125,B
Opel Astra,GTC,1.4,Turbo,140,Cv,A6,6.6,154,C
Opel Astra,GTC,1.4,Turbo,Start,&,Stop,140,Cv,M6,5.9,139,B
Opel Astra,GTC,1.6,CDTI,Start,&,Stop,136,Cv,M6,4.1,109,A
Opel Astra,GTC,1.6,Turbo,180,Cv,M6,7.2,168,D
Opel Astra,GTC,1.6,Turbo,Start,&,Stop,200,Cv,M6,6.3,149,C
Opel Astra,GTC,1.6,Turbo,Start,&,Stop,200,Cv,M6,6.7,154,C
Opel Astra,GTC,1.6,Turbo,Start,&,Stop,170,Cv,M6,6.1,143,B
Opel Astra,GTC,1.7,CDTI,Start,&,Stop,130,Cv,M6,4.3,114,B
Opel Astra,GTC,2.0,CDTI,165,Cv,A6,5.6,149,D
Opel Astra,GTC,2.0,CDTI,Start,&,Stop,165,Cv,M6,4.7,124,B
Opel Astra,GTC,2.0,CDTI,Start,&,Stop,195,Cv,M6,4.9,129,C
Opel Astra,GTC,2.0,Turbo,Start,&,Stop,280,Cv,M6,OPC7.8,184,E
Opel Astra,GTC,MY10,1.3,CDTI,90,Cv,M6,4.9,130,D
Opel Astra,GTC,MY10,1.4,16v,90,Cv,M5,6.1,146,C
Opel Astra,GTC,MY10,1.6,115,Cv,M5,6.5,155,D
Opel Astra,GTC,MY10,1.6,115,Cv,M5,,6.6,158,D
Opel Astra,GTC,MY10,1.6,16v,115,Cv,MTA6.3,151,D
Opel Astra,GTC,MY10,1.6,16v,115,Cv,MTA,,6.4,153,D
Opel Astra,GTC,MY10,1.8,16,v,140,Cv,M5,7.1,169,E
Opel Astra,GTC,MY10,1.8,16,v,140,Cv,M5,,7.2,172,E
Opel Astra,GTC,MY10,1.9,CDTI,120,Cv,M6,5.6,149,E
Opel Astra,GTC,MY10,1.9,CDTI,150,Cv,M6,5.6,149,E
Opel Astra,GTC,MY10,2.0,Turbo,240,Cv,M6,9.2,221,G
Opel ASTRA,GTC,MY10'5,1.6,115cv,M5,6.2,146,C
Opel Astra,GTC,MY12,"1.4,Turbo,Start,&,Stop,140,Cv,M6,6.1,142,B
Opel Astra,GTC,MY12,"1.7,CDTI,Start,&,Stop,130,Cv,M6,4.6,122,B
Opel Astra,GTC,MY12,1.4,Turbo,Start,&,Stop,140,Cv,M6,6,140,B
Opel Astra,GTC,MY12,1.7,CDTI,Start,&,Stop,130,Cv,M6,4.5,119,B
Opel Astra,GTC,MY13,"2.0,CDTI,165,Cv,A6,,5.8,152,D
Opel Astra,GTC,MY13,2.0,CDTI,165,Cv,A6,5.7,151,D
Opel Astra,GTC,MY14,"2.0,CDTI,Start,&,Stop,165,Cv,M6,4.9,129,C
Opel Astra,GTC,MY14,2.0,CDTI,Start,&,Stop,165,Cv,M6,4.8,127,C
Opel Astra,GTC,MY14'5,1.6,Turbo,Start,&,Stop,200,Cv,M6,6.6,154,C
Opel Astra,GTC,MY14'5,1.6,Turbo,Start,&,Stop,200,Cv,M6,(,6.7,156,C
Opel Astra,GTC,MY14'5,2.0,Turbo,Start,&,Stop,280,Cv,M6,OPC8.1,189,E
Opel Astra,GTC,MY17'5,1.6,Turbo,Start,&,Stop,200,Cv,M6,6.3,149,C
Opel Astra,GTC,MY17´5,1.4,Turbo,Start,&,Stop,140,Cv,M6,6.1,144,B
Opel Astra,MY11,"1.7,CDTI,110,Cv,M6,,4.6,121,B
Opel Astra,MY11,"1.7,CDTI,125,Cv,M6,,4.6,121,B
Opel Astra,MY11,"2.0,CDTI,160,Cv,A6,,5.9,155,E
Opel Astra,MY11,"2.0,CDTI,160cv,M6,,4.9,130,C
Opel Astra,MY11,1.7,CDTI,110,Cv,M6,4.5,119,B
Opel Astra,MY11,1.7,CDTI,125,Cv,M6,4.5,119,B
Opel Astra,MY11,2.0,CDTI,160,Cv,A6,5.8,154,E
Opel Astra,MY11,2.0,CDTI,160cv,4.9,129,C
Opel Astra,MY12,"1.4,Turbo,140,Cv,M6,,5.9,139,B
Opel Astra,MY12,"1.7,CDTI,110,Cv,M6,,4.6,121,B
Opel Astra,MY12,"1.7,CDTI,125,Cv,M6,,4.6,121,B
Opel Astra,MY12,"1.7,CDTI,Start,&,Stop,130,Cv,M6,,4.4,117,B
Opel Astra,MY12,1.4,Turbo,140,Cv,A6,6.7,157,C
Opel Astra,MY12,1.4,Turbo,GLP,140,Cv,M6,14.77,129,NA
Opel Astra,MY12,1.6,115,Cv,M5,6.3,147,C
Opel Astra,MY12,1.7,CDTI,110,Cv,M6,4.5,119,B
Opel Astra,MY12,1.7,CDTI,125,Cv,M6,4.5,119,B
Opel Astra,MY12,1.7,CDTI,Start,&,Stop,110,Cv,M6,4.3,114,B
Opel Astra,MY12,1.7,CDTI,Start,&,Stop,130,Cv,M6,4.3,114,B
Opel Astra,MY13,1.4,Turbo,140,Cv,M6,5.9,138,B
Opel Astra,MY14,"1.4,Turbo,140,Cv,A6,,6.8,159,C
Opel Astra,MY14,"1.4,Turbo,140,Cv,M6,,6.1,143,C
Opel Astra,MY14,"2.0,CDTI,165,Cv,A6,,6,158,E
Opel Astra,MY14,1.4,Turbo,140,Cv,A6,6.6,154,C
Opel Astra,MY14,1.4,Turbo,140,Cv,M6,5.8,137,B
Opel Astra,MY14,1.4,Turbo,GLP,140,Cv,M6,8.41,129,NA
Opel Astra,MY14,2.0,CDTI,165,Cv,A6,5.8,154,E
Opel Astra,MY14''5,1.4,Turbo,140,Cv,A6,6.3,149,C
Opel Astra,MY14''5,1.4,Turbo,140,Cv,A6,,6.6,155,C
Opel Astra,MY15,"1.4,Turbo,140,Cv,A6,,6.6,154,C
Opel Astra,MY15,"1.4,Turbo,140,Cv,M6,,6,140,B
Opel Astra,MY15,"1.6,CDTI,Start,&,Stop,110,Cv,M6,,3.8,100,A
Opel Astra,MY15,"1.6,CDTI,Start,&,Stop,136,Cv,M6,,4.2,110,B
Opel Astra,MY15,1.4,Turbo,140,Cv,A6,6.3,148,C
Opel Astra,MY15,1.4,Turbo,140,Cv,M6,5.7,134,B
Opel Astra,MY15,1.6,115,Cv,M5,6.6,154,C
Opel Astra,MY15,1.6,CDTI,Start,&,Stop,110,Cv,M6,3.7,97,A
Opel Astra,MY15,1.6,CDTI,Start,&,Stop,136,Cv,M6,3.9,104,A
Opel Astra,MY15,1.6,Turbo,Start,&,Stop,170,Cv,M6,5.9,139,B
Opel Astra,MY15'5,1.4,Turbo,GLP,140,Cv,M6,7.66,117,NA
Opel Astra,NG,1.0,Turbo,Start,&,Stop,105,Cv,M5,4.4,102,A
Opel Astra,NG,1.0,Turbo,Start,&,Stop,105,Cv,M5,4.5,104,A
Opel Astra,NG,1.0,Turbo,Start,&,Stop,105,Cv,M5,4.3,99,A
Opel Astra,NG,1.0,Turbo,Start,&,Stop,105,Cv,MTA4.3,99,A
Opel Astra,NG,1.0,Turbo,Start,&,Stop,105,Cv,MTA4.5,104,A
Opel Astra,NG,1.4,Turbo,Start,&,Stop,125,Cv,M6,5.1,117,A
Opel Astra,NG,1.4,Turbo,Start,&,Stop,150,Cv,A6,5.5,127,B
Opel Astra,NG,1.4,Turbo,Start,&,Stop,150,Cv,M6,5.1,117,A
Opel Astra,NG,1.6,CDTI,110,Cv,M6,3.7,97,A
Opel Astra,NG,1.6,CDTI,136,Cv,A6,4.5,119,B
Opel Astra,NG,1.6,CDTI,95,Cv,3.7,97,A
Opel Astra,NG,1.6,CDTI,Start,&,Stop,136,Cv,M6,3.9,103,A
Opel Astra,NG,1.6,CDTI,Start,&,Stop,160,Cv,M6,4.2,111,B
Opel Astra,NG,1.6,Turbo,Start,&,Stop,200,Cv,M6,6.2,142,C
Opel Astra,NG,1.6,Turbo,Start,&,Stop,200,Cv,M6,6.1,141,C
Opel Astra,NG,MY16,1.6,Turbo,Start,&,Stop,200,Cv,M6,6,139,C
Opel Astra,NG,MY17´5,1.6,Turbo,Start,&,Stop,200,Cv,M6,6.1,141,C
Opel Astra,NG,MY18,1.0,Turbo,Start,&,Stop,105,Cv,M5,4.4,102,A
Opel Astra,NG,MY18,1.0,Turbo,Start,&,Stop,105,Cv,MTA4.5,104,A
Opel Astra,Sedán,"1.7,CDTI,110,Cv,M6,,4.7,123,B
Opel Astra,Sedán,"1.7,CDTi,130,Cv,M6,,4.7,123,B
Opel Astra,Sedán,"1.7,CDTi,Start,&,Stop110,Cv,M6,,4.4,117,B
Opel Astra,Sedán,"1.7,CDTi,Start,&,Stop130,Cv,M6,,4.4,117,B
Opel Astra,Sedán,"1.7,CDTi,Start,&,Stop,110,Cv,M6,,4.3,114,A
Opel Astra,Sedán,"1.7,CDTi,Start,&,Stop,130,Cv,M6,,4.3,114,A
Opel Astra,Sedán,1.4,Turbo,140,Cv,A6,6.7,157,C
Opel Astra,Sedán,1.4,Turbo,140,Cv,M6,6.2,146,B
Opel Astra,Sedán,1.4,Turbo,GLP,140,Cv,M6,8.6,131,NA
Opel Astra,Sedán,1.6,115,Cv,M5,6.4,151,B
Opel Astra,Sedán,1.6,CDTI,136,Cv,AT6,5.1,134,C
Opel Astra,Sedán,1.6,CDTI,Start,&,Stop,110,Cv,M6,3.7,97,A
Opel Astra,Sedán,1.6,CDTI,Start,&,Stop,110,Cv,M6,,4.1,109,A
Opel Astra,Sedán,1.6,CDTI,Start,&,Stop,110,Cv,M6,,3.6,94,A
Opel Astra,Sedán,1.6,CDTI,Start,&,Stop,136,Cv,M6,3.9,104,A
Opel Astra,Sedán,1.6,CDTI,Start,&,Stop,136,Cv,M6,,4.4,116,B
Opel Astra,Sedán,1.6,CDTI,Start,&,Stop,136,Cv,M6,,3.7,99,A
Opel Astra,Sedán,1.7,CDTi,110,Cv,M6,4.5,119,B
Opel Astra,Sedán,1.7,CDTi,130,Cv,M6,4.5,119,B
Opel Astra,Sedán,1.7,CDTi,Start,&,Stop110,Cv,M6,4.3,114,A
Opel Astra,Sedán,1.7,CDTi,Start,&,Stop130,Cv,M6,4.3,114,A
Opel Astra,Sedán,1.7,CDTi,Start,&,Stop,110,Cv,M6,4.2,110,A
Opel Astra,Sedán,1.7,CDTi,Start,&,Stop,130,Cv,M6,4.2,110,A
Opel Astra,Sedan,MY10,1.6,16v,115,Cv,M5,6.6,158,C
Opel Astra,Sedan,MY10,1.6,16v,115,Cv,M5,,6.7,159,C
Opel Astra,Sedan,MY10,1.7,CDTI,100,Cv,M6,4.5,119,B
Opel Astra,Sedan,MY10,1.8,16v,140,Cv,M6,7.1,169,D
Opel Astra,Sedan,MY10,1.8,16v,140,Cv,M6,,7.2,172,D
Opel Astra,Sedan,MY10,1.8,16v,140,Cv,MTA7.8,186,E
Opel Astra,Sedan,MY10,1.8,16v,140,Cv,MTA,,7.9,189,E
Opel Astra,Sedan,MY12,1.6,16v,115,Cv,M5,6.2,146,C
Opel Astra,Sedan,MY12,1.7,CDTI,110,Cv,M6,5.1,135,C
Opel Astra,Sedán,MY13,"1.4,Turbo,140,Cv,M6,,6.2,144,B
Opel Astra,Sedán,MY13,1.4,Turbo,140,Cv,M6,5.9,139,B
Opel Astra,Sedán,MY13,1.6,115,Cv,M5,6.6,154,C
Opel Astra,Sedan,MY135,1.6,115,Cv,M5,6.3,147,B
Opel Astra,Sedan,MY14,"1.4,Turbo,140,Cv,A6,,6.8,159,C
Opel Astra,Sedan,MY14,"1.4,Turbo,140,Cv,M6,,6.1,144,B
Opel Astra,Sedan,MY14,1.4,Turbo,140,Cv,A6,6.6,154,C
Opel Astra,Sedan,MY14,1.4,Turbo,140,Cv,M6,5.9,138,B
Opel Astra,Sedan,MY15,"1.4,Turbo,140,Cv,A6,,6.6,154,C
Opel Astra,Sedan,MY15,"1.4,Turbo,140,Cv,M6,,6,142,B
Opel Astra,Sedan,MY15,"1.6,CDTI,Start,&,Stop,110,Cv,M6,,3.8,100,A
Opel Astra,Sedan,MY15,"1.6,CDTI,Start,&,Stop,136,Cv,M6,,4.2,110,A
Opel Astra,Sedan,MY15,1.4,Turbo,140,Cv,A6,6.3,148,B
Opel Astra,Sedan,MY15,1.4,Turbo,140,Cv,M6,5.8,137,B
Opel Astra,Sedan,MY15,1.6,115,Cv,M5,6.6,154,C
Opel Astra,Sedan,MY15,1.6,CDTI,Start,&,Stop,110,Cv,M6,3.7,97,A
Opel Astra,Sedan,MY15,1.6,CDTI,Start,&,Stop,136,Cv,M6,3.9,104,A
Opel Astra,Sedan,MY15'5,1.4,Turbo,GLP,140,Cv,M6,13.46,117,NA
Opel Astra,Sedan,MY15'5,1.6,115,Cv,M5,6.7,158,C
Opel Astra,Sedan,MY15'5,1.6,CDTI,Start,&,Stop,110,Cv,M6,4,105,A
Opel Astra,Sedan,MY15'5,1.6,CDTI,Start,&,Stop,136,Cv,M6,4.2,111,A
Opel Astra,ST,"1.4,Turbo,140,Cv,A6,,6.7,156,C
Opel Astra,ST,"1.6,Turbo,180,Cv,M6,,6.9,161,C
Opel Astra,ST,"1.7,CDTI,110,Cv,M6,,4.7,124,B
Opel Astra,ST,"1.7,CDTI,130,Cv,M6,,4.7,124,B
Opel Astra,ST,"1.7,CDTI,Start,&,Stop110,Cv,M6,,4.5,119,B
Opel Astra,ST,"1.7,CDTI,Start,&,Stop,110,Cv,M6,,4.5,118,B
Opel Astra,ST,"1.7,CDTI,Start,&,Stop,130,Cv,M6,,4.5,118,B
Opel Astra,ST,"2.0,CDTI,165,Cv,A6,,5.7,152,D
Opel Astra,ST,"2.0,CDTI,165,Cv,M6,,5,133,B
Opel Astra,ST,"2.0,CDTI,Start,&,Stop,165,Cv,M6,,4.8,128,B
Opel Astra,ST,1.3,EoFlex,Start,&,Stop,95,Cv,M5,4.1,109,A
Opel Astra,ST,1.4,Turbo,140,Cv,A6,6.3,148,B
Opel Astra,ST,1.4,Turbo,140,Cv,M6,5.9,139,B
Opel Astra,ST,1.4,Turbo,140,Cv,M6,(llanta,19"),6.3,147,B
Opel Astra,ST,1.4,Turbo,140,Cv,M6,GLP,8.6,133,NA
Opel Astra,ST,1.6,115,Cv,M5,6.7,156,C
Opel Astra,ST,1.6,CDTI,Start,&,Stop,110,Cv,M6,4,105,A
Opel Astra,ST,1.6,CDTI,Start,&,Stop,110,Cv,M6,(CO2,97,gr),3.7,97,A
Opel Astra,ST,1.6,CDTI,Start,&,Stop,110,Cv,M6,,4.1,109,A
Opel Astra,ST,1.6,CDTI,Start,&,Stop,136,Cv,M6,4.2,111,A
Opel Astra,ST,1.6,CDTI,Start,&,Stop,136,Cv,M6,3.9,104,A
Opel Astra,ST,1.6,CDTI,Start,&,Stop,136,Cv,M6,,4.4,116,A
Opel Astra,ST,1.6,Turbo,180,Cv,M6,6.8,159,C
Opel Astra,ST,1.6,Turbo,Start,&,Stop,170,Cv,M6,6.5,152,B
Opel Astra,ST,1.7,CDTI,110,Cv,M6,4.5,120,B
Opel Astra,ST,1.7,CDTI,130,Cv,M6,4.5,120,B
Opel Astra,ST,1.7,CDTI,Start,&,Stop110,Cv,M6,4.4,117,A
Opel Astra,ST,1.7,CDTI,Start,&,Stop,110,Cv,M6,4.3,114,A
Opel Astra,ST,1.7,CDTI,Start,&,Stop,130,Cv,M6,4.3,114,A
Opel Astra,ST,2.0,CDTI,165,Cv,A6,5.6,148,C
Opel Astra,ST,2.0,CDTI,165,Cv,M6,4.9,129,B
Opel Astra,ST,2.0,CDTI,Start,&,Stop,165,Cv,M6,4.7,124,B
Opel Astra,ST,2.0,CDTI,Start,&,Stop,195,Cv,M6,5.1,134,C
Opel Astra,ST,MY10,1.6,16v,115,Cv,M5,6.6,158,D
Opel Astra,ST,MY10,1.7,CDTI,110,Cv,M6,4.5,119,C
Opel Astra,ST,MY10,1.9,CDTI,120,Cv,M6,5.6,149,E
Opel Astra,ST,MY11,2.0,CDTi,160cv,Aut,6,158,D
Opel Astra,ST,MY11,2.0,CDTi,160cv,M6,5.1,136,C
Opel Astra,ST,MY12,"1.4,Turbo,140,Cv,A6,,7,165,C
Opel Astra,ST,MY12,"1.4,Turbo,140,Cv,M6,,6.4,149,B
Opel Astra,ST,MY12,"1.7,CDTI,110,Cv,M6,,4.6,121,B
Opel Astra,ST,MY12,"1.7,CDTI,125,Cv,M6,,4.6,121,B
Opel Astra,ST,MY12,"1.7,CDTI,Start,&,Stop,130,Cv,M6,,4.5,119,B
Opel Astra,ST,MY12,"2.0,CDTI,165,Cv,M6,,5.1,136,C
Opel Astra,ST,MY12,1.4,Turbo,GLP,140,Cv,M6,15.14,132,NA
Opel Astra,ST,MY12,1.6,115,Cv,M5,6.4,149,B
Opel Astra,ST,MY12,1.7,CDTI,110,Cv,M6,4.5,119,B
Opel Astra,ST,MY12,1.7,CDTI,125,Cv,M6,4.5,119,B
Opel Astra,ST,MY12,1.7,CDTI,Start,&,Stop,110,Cv,M6,4.4,117,A
Opel Astra,ST,MY12,1.7,CDTI,Start,&,Stop,130,Cv,M6,4.4,117,A
Opel Astra,ST,MY12,2.0,CDTI,165,Cv,M6,5.1,134,C
Opel Astra,ST,MY13,"1.4,Turbo,140,Cv,M6,,6.3,149,B
Opel Astra,ST,MY13,1.4,Turbo,140,Cv,M6,6.1,144,B
Opel Astra,ST,MY14,"2.0,CDTI,165,Cv,A6,,6,158,D
Opel Astra,ST,MY14,1.4,Turbo,140,Cv,M6,GLP,8.6,132,NA
Opel Astra,ST,MY14,2.0,CDTI,165,Cv,A6,5.8,154,D
Opel Astra,ST,MY14'5,1.6,CDTI,Start,&,Stop,110,Cv,M6,3.7,97,A
Opel Astra,ST,MY14'5,1.6,CDTI,Start,&,Stop,110,Cv,M6,,3.8,100,A
Opel Astra,ST,MY14'5,1.6,CDTI,Start,&,Stop,136,Cv,M6,3.9,104,A
Opel Astra,ST,MY14'5,1.6,CDTI,Start,&,Stop,136,Cv,M6,,4.2,110,A
Opel Astra,ST,MY14'5,1.6,Turbo,Start,&,Stop,170,Cv,M6,6.1,144,B
Opel Astra,ST,MY14.5,1.4,Turbo,140,Cv,M6,GLP,(CO2,128),8.22,128,NA
Opel Astra,ST,MY145,"1.4,Turbo,140,Cv,A6,,7.1,167,C
Opel Astra,ST,MY145,1.4,Turbo,140,Cv,A6,6.8,159,C
Opel Astra,ST,MY15'5,1.4,Turbo,140,Cv,M6,GLP,7.66,119,NA
Opel Astra,ST,NG,1.0,Turbo,Start,&,Stop,105,Cv,M5,4.6,105,A
Opel Astra,ST,NG,1.0,Turbo,Start,&,Stop,105,Cv,M5,4.5,103,A
Opel Astra,ST,NG,1.0,Turbo,Start,&,Stop,105,Cv,M5,(llanta,15),4.3,100,A
Opel Astra,ST,NG,1.0,Turbo,Start,&,Stop,105,Cv,MTA4.3,100,A
Opel Astra,ST,NG,1.0,Turbo,Start,&,Stop,105,Cv,MTA4.6,105,A
Opel Astra,ST,NG,1.4,Turbo,Start,&,Stop,125,Cv,M6,5.1,117,A
Opel Astra,ST,NG,1.4,Turbo,Start,&,Stop,150,Cv,A6,5.6,128,A
Opel Astra,ST,NG,1.4,Turbo,Start,&,Stop,150,Cv,M6,5.1,117,A
Opel Astra,ST,NG,1.6,CDTI,110,Cv,M6,3.8,99,A
Opel Astra,ST,NG,1.6,CDTI,136,Cv,A6,4.6,122,B
Opel Astra,ST,NG,1.6,CDTI,95,Cv,3.8,99,A
Opel Astra,ST,NG,1.6,CDTI,Start,&,Stop,136,Cv,M6,3.9,104,A
Opel Astra,ST,NG,1.6,CDTI,Start,&,Stop,160,Cv,M6,4.2,112,A
Opel Astra,ST,NG,1.6,Turbo,Start,&,Stop,200,Cv,M6,6.2,142,B
Opel Astra,ST,NG,1.6,Turbo,Start,&,Stop,200,Cv,M6,6.2,143,B
Opel Astra,ST,NG,MY17'5,1.6,Turbo,Start,&,Stop,200,Cv,M6,6.2,142,B
Opel Astra,ST,NG,MY18,1.0,Turbo,Start,&,Stop,105,Cv,M5,4.6,105,A
Opel Astra,ST,NG,MY18,1.0,Turbo,Start,&,Stop,105,Cv,M5,4.5,103,A
Opel Astra,ST,NG,MY18,1.0,Turbo,Start,&,Stop,105,Cv,MTA4.6,105,A
Opel Astra,ST,NG,MY18,1.6,CDTI,95,Cv,3.8,99,A
Opel Cabrio,"1.4,Turbo,Start,&,Stop,140,Cv,M6,,6.5,149,B
Opel Cabrio,1.4,Turbo,Start,&,Stop,140,Cv,M6,6.3,148,B
Opel Cabrio,1.4,Turbo,Start,&,Stop,140,Cv,M6,,6.3,149,B
Opel Cabrio,1.6,Turbo,170,Cv,A6,7.3,172,C
Opel Cabrio,1.6,Turbo,170,Cv,A6,7.6,176,D
Opel Cabrio,1.6,Turbo,170,Cv,A6,,7.2,169,C
Opel Cabrio,1.6,Turbo,Start,&,Stop,200,Cv,M6,6.9,158,C
Opel Cabrio,2.0,CDTI,165,Cv,A6,6.2,163,D
Opel Cabrio,2.0,CDTI,165,Cv,A6,,6.2,164,D
Opel Cabrio,2.0,CDTI,Start,&,Stop,165,Cv,M6,5.2,138,C
Opel Cabrio,2.0,CDTI,Start,&,Stop,165,Cv,M6,,5.3,139,C
Opel Cabrio,2.0,CDTI,Start,&,Stop,170,Cv,M6,4.9,129,B
Opel Cabrio,2.0,CDTI,Start,&,Stop,195,Cv,M6,5.2,138,C
Opel Cabrio,2.0,CDTI,Start,&,Stop,195,Cv,M6,,5.3,139,C
Opel Cabrio,MY14'5,1.6,Turbo,170,Cv,A6,7.2,168,C
Opel Cabrio,MY14'5,1.6,Turbo,170,Cv,A6,(Llanta,18.,19,y,20),7.2,169,C
Opel Cabrio,MY15,1.6,Turbo,Start,&,Stop,200,Cv,M6,6.3,149,B
Opel Cabrio,MY17'5,1.6,Turbo,170,Cv,A6,7.3,172,C
Opel Cabrio,MY17'5,1.6,Turbo,Start,&,Stop,200,Cv,M6,6.8,158,C
Opel Combo,Cargo,1.3,CDTI,90,Cv,L1H1M5,5,133,NA
Opel Combo,Cargo,1.3,CDTI,90,Cv,L1H1,¡,M5,5,133,NA
Opel Combo,Cargo,1.3,CDTI,90,Cv,L2H1M5,5.1,136,NA
Opel Combo,Cargo,1.3,CDTI,90,Cv,L2H1M5,(MMA>2500kg),5.1,136,NA
Opel Combo,Cargo,1.3,CDTI,Start,&,Stop,90,Cv,L1H1M5,4.8,126,NA
Opel Combo,Cargo,1.4,CNG,120,Cv,L1H1M6,4.9,134,NA
Opel Combo,Cargo,1.4,CNG,120,Cv,L1H2M6,5.1,138,NA
Opel Combo,Cargo,1.4,CNG,120,Cv,L2H1M6,4.9,134,NA
Opel Combo,Cargo,1.4i,95,Cv,L1H1,¡,M5,7.3,169,NA
Opel Combo,Cargo,1.6,CDTI,105,Cv,L1H1M6,5.5,144,NA
Opel Combo,Cargo,1.6,CDTI,105,Cv,L1H1M6,(MMA>2500kg),5.5,144,NA
Opel Combo,Cargo,1.6,CDTI,105,Cv,L1H1,¡,M6,5.4,143,NA
Opel Combo,Cargo,1.6,CDTI,105,Cv,L1H2M6,5.8,154,NA
Opel Combo,Cargo,1.6,CDTI,105,Cv,L1H2M6,(MMA>2500kg),5.8,154,NA
Opel Combo,Cargo,1.6,CDTI,105,Cv,L2H1M6,5.5,144,NA
Opel Combo,Cargo,1.6,CDTI,Start,&,Stop,105,Cv,L1H1,¡,M6,5.2,138,NA
Opel Combo,Cargo,1.6,CDTI,Start,&,Stop,105,Cv,L2H1M6,5.2,137,NA
Opel Combo,Cargo,1.6,CDTI,Start,&,Stop,105,Cv,L2H1,¡,M6,5.4,141,NA
Opel COMBO,CARGO,1.3,CDTI,95,Cv,L1H1M5,5,133,NA
Opel COMBO,CARGO,1.3,CDTI,95,Cv,L1H1M5,5,133,NA
Opel COMBO,CARGO,1.3,CDTI,95,Cv,L2H1M5,(MMA>2500kg),5.1,136,NA
Opel COMBO,CARGO,1.6,CDTI,105,Cv,L1H1,5.2,135,NA
Opel COMBO,CARGO,1.6,CDTI,105,Cv,L1H1,¡,5.1,134,NA
Opel COMBO,CARGO,1.6,CDTI,105,Cv,L1H2M6,5.6,147,NA
Opel COMBO,CARGO,1.6,CDTI,105,Cv,L2H1M6,5.2,135,NA
Opel COMBO,CARGO,1.6,CDTI,105,Cv,L2H1M6,(MMA>2500kg),5.6,147,NA
Opel COMBO,CARGO,1.6,CDTI,105,Cv,L2H1M6,(MMA>2500kg),5.2,135,NA
Opel COMBO,CARGO,1.6,CDTI,105,Cv,L2H2M6,6,158,NA
Opel COMBO,CARGO,1.6,CDTI,105,Cv,L2H2M6,5.7,149,NA
Opel Combo,Cargo,MY14,1.4,CNG,120,Cv,L1H1M6,4.9,134,NA
Opel Combo,Cargo,MY14,1.4,CNG,120,Cv,L1H2M6,5.1,138,NA
Opel Combo,Cargo,MY14,1.4,CNG,120,Cv,L2H1M6,4.9,134,NA
Opel Combo,Cargo,MY16,1.4i,95,Cv,L1H1,¡,M5,7.3,169,NA
Opel Combo,Cargo,MY16,1.6,CDTI,105,Cv,L2H1M6,5.5,144,NA
Opel Combo,Cargo,MY16,1.6,CDTI,105,Cv,L2H1M6,5.5,144,NA
Opel Combo,Cargo,MY17,1.6,CDTI,105,Cv,L1H1M6,5.5,144,NA
Opel Combo,Cargo,MY17,1.6,CDTI,105,Cv,L1H1,¡,M6,5.4,143,NA
Opel Combo,Cargo,MY17,1.6,CDTI,105,Cv,L1H2M6,5.8,154,NA
Opel Combo,Cargo,MY17,1.6,CDTI,105,Cv,L1H2M6,(MMA>2500kg),5.8,154,NA
Opel COMBO,TOUR,1.3,CDTI,90,Cv,L1H1M5,(N1),5.1,136,NA
Opel COMBO,TOUR,1.3,CDTI,95,Cv,L1H1M5,(N1),5.1,136,NA
Opel COMBO,TOUR,1.4,CNG,120,Cv,M6,L1H1,4.9,134,NA
Opel COMBO,TOUR,1.4i,95,Cv,L1H1,¡,M5,(N1),7.4,172,NA
Opel COMBO,TOUR,1.4i,95,Cv,M5,L1H1,5,ó,,7.4,172,D
Opel COMBO,TOUR,1.6,CDTI,105,Cv,L1H1M6,(N1),5.2,136,NA
Opel COMBO,TOUR,1.6,CDTI,105,Cv,L1H1M6,(N1),5.5,145,NA
Opel COMBO,TOUR,1.6,CDTI,105,Cv,M6,L1H1,5,ó,,5.5,145,D
Opel COMBO,TOUR,1.6,CDTI,105,Cv,M6,L1H2,6,158,E
Opel COMBO,TOUR,1.6,CDTI,105,Cv,M6,L2H1(N1),5.3,139,NA
Opel COMBO,TOUR,1.6,CDTI,105,Cv,M6,L2H1(N1),5.6,148,NA
Opel COMBO,TOUR,1.6,CDTI,120,Cv,M6,L1H1,5,ó,,5.2,137,C
Opel COMBO,TOUR,1.6,CDTI,120,Cv,M6,L1H2,5.8,152,E
Opel COMBO,TOUR,1.6,CDTI,120,Cv,M6,L2H1,5.5,144,C
Opel COMBO,TOUR,1.6,CDTI,90,Cv,A5,L1H1,5,ó,,5.4,141,D
Opel COMBO,TOUR,1.6,CDTI,90,Cv,M6,L1H1,5,ó,,5.5,145,D
Opel COMBO,TOUR,1.6,CDTI,95,Cv,M6,L1H1,5,ó,,5.2,137,C
Opel COMBO,TOUR,1.6,CDTI,Start,&,Stop,105,Cv,M6,L1H1,5,ó,,5.2,138,C
Opel COMBO,TOUR,1.6,CDTI,Start,&,Stop,105,Cv,M6,L1H2,5.7,150,D
Opel COMBO,TOUR,1.6,CDTI,Start,&,Stop,105,Cv,M6,L2H1(N1),5.4,141,NA
Opel COMBO,TOUR,1.6,CDTI,Start,&,Stop,105cv,L1H1M6,(N1),5.2,138,NA
Opel COMBO,TOUR,1.6,CDTI,Start,&,Stop,120,Cv,M6,L1H1,5,ó,,4.7,124,C
Opel COMBO,TOUR,1.6,CDTI,Start,&,Stop,120,Cv,M6,L1H2,5.3,140,D
Opel COMBO,TOUR,2.0,CDTI,135,Cv,M6,L1H1,5,ó,,5.9,156,E
Opel COMBO,TOUR,2.0,CDTI,Start,&,Stop,135,Cv,M6,L1H1,5,ó,,5.7,150,D
Opel Combo,Tour,MY10,1.3,CDTI,75,Cv,M5,5.1,134,D
Opel Combo,Tour,MY11,1.3,CDTI,75,Cv,M5,5.1,134,D
Opel Combo,Tour,MY11,1.7,CDTI,100,Cv,M5,5.2,140,E
Opel Combo,Tour,MY14,1.4,CNG,120,Cv,M6,L1H1,4.9,134,NA
Opel Combo,Tour,MY14,2.0,CDTI,135,Cv,M6,L1H1,5,ó,,5.9,156,E
Opel Combo,Tour,MY14,2.0,CDTI,Start,&,Stop,135,Cv,M6,L1H1,5,ó,,5.7,150,D
Opel Combo,Tour,MY16,1.4i,95,Cv,L1H1,¡,M5,(N1),7.4,172,NA
Opel Combo,Tour,MY16,1.4i,95,Cv,M5,L1H1,5,ó,,7.4,172,D
Opel Combo,Tour,MY16,1.6,CDTI,105,Cv,M6,L1H1,5,ó,,5.5,145,D
Opel Combo,Tour,MY16,1.6,CDTI,105,Cv,M6,L1H2,6,158,E
Opel Combo,Tour,MY16,1.6,CDTI,90,Cv,A5,L1H1,5,ó,,5.4,141,D
Opel Combo,Tour,MY16,1.6,CDTI,90,Cv,M6,L1H1,5,ó,,5.5,145,D
Opel Combo,Tour,MY16,1.6,CDTI,Start,&,Stop,105,Cv,L1H1,¡,M6,5.2,138,NA
Opel Combo,Tour,MY16,1.6,CDTI,Start,&,Stop,105,Cv,L2H1,¡,M6,5.4,141,NA
Opel Combo,Tour,MY16,1.6,CDTI,Start,&,Stop,105,Cv,M6,L1H1,5,ó,,5.2,138,C
Opel Combo,Tour,MY16,1.6,CDTI,Start,&,Stop,105,Cv,M6,L1H2,5.7,150,D
Opel CORSA,1.0,Turbo,Start,&,Stop,115,Cv,M6,3P,4.9,114,B
Opel CORSA,1.0,Turbo,Start,&,Stop,115,Cv,M6,5P,5,117,B
Opel CORSA,1.3,CDTI,75,Cv,M5,3P,4,107,B
Opel CORSA,1.3,CDTI,75,Cv,M5,3P,4,105,B
Opel CORSA,1.3,CDTI,75,Cv,M5,3P,3.8,101,B
Opel CORSA,1.3,CDTI,75,Cv,M5,5P,4,107,B
Opel CORSA,1.3,CDTI,75,Cv,M5,5P,4,105,B
Opel CORSA,1.3,CDTI,75,Cv,M5,5P,3.8,101,B
Opel CORSA,1.3,CDTI,EoFlex,Start,&,Stop,95,Cv,M5,3P,3.3,87,A
Opel CORSA,1.3,CDTI,EoFlex,Start,&,Stop,95,Cv,M5,5P,3.4,89,A
Opel CORSA,1.3,CDTI,Start,&,Stop,95,Cv,M6,3P,4.1,108,C
Opel CORSA,1.3,CDTI,Start,&,Stop,95,Cv,M6,3P,4,106,B
Opel CORSA,1.3,CDTI,Start,&,Stop,95,Cv,M6,3P,3.8,101,B
Opel CORSA,1.3,CDTI,Start,&,Stop,95,Cv,M6,5P,4.1,108,C
Opel CORSA,1.3,CDTI,Start,&,Stop,95,Cv,M6,5P,4,106,B
Opel CORSA,1.3,CDTI,Start,&,Stop,95,Cv,M6,5P,3.8,101,B
Opel CORSA,1.4,75,Cv,M5,3P,5.2,120,C
Opel CORSA,1.4,75,Cv,M5,3P,5.1,118,B
Opel CORSA,1.4,75,Cv,M5,5P,5.2,120,C
Opel CORSA,1.4,75,Cv,M5,5P,5.1,118,B
Opel CORSA,1.4,90,Cv,M5,3P,5.2,120,C
Opel CORSA,1.4,90,Cv,M5,3P,5.1,118,B
Opel CORSA,1.4,90,Cv,M5,5P,5.2,120,C
Opel CORSA,1.4,90,Cv,M5,5P,5.1,118,B
Opel CORSA,1.4,AT6,90,Cv,5P,6,139,D
Opel CORSA,1.4,GLP,M5,90,Cv,3P,7.29,114,NA
Opel CORSA,1.4,GLP,M5,90,Cv,3P,7.29,113,NA
Opel CORSA,1.4,GLP,M5,90,Cv,5P,7.29,114,NA
Opel CORSA,1.4,GLP,M5,90,Cv,5P,7.29,113,NA
Opel CORSA,1.4,MTA,Start,&,Stop,90,Cv,3P,4.8,112,B
Opel CORSA,1.4,MTA,Start,&,Stop,90,Cv,3P,4.7,110,B
Opel CORSA,1.4,MTA,Start,&,Stop,90,Cv,5P,4.8,112,B
Opel CORSA,1.4,MTA,Start,&,Stop,90,Cv,5P,4.7,110,B
Opel CORSA,1.4,Turbo,Start,&,Stop,100,Cv,M6,3P,5.2,122,C
Opel CORSA,1.4,Turbo,Start,&,Stop,100,Cv,M6,3P,5.1,119,B
Opel CORSA,1.4,Turbo,Start,&,Stop,100,Cv,M6,5P,5.2,122,C
Opel CORSA,1.4,Turbo,Start,&,Stop,100,Cv,M6,5P,5.1,119,B
Opel CORSA,1.6,Turbo,OPC,3P,7.5,174,F
Opel Corsa,MY10,1.2,80,Cv,3P,5.8,139,D
Opel Corsa,MY10,1.2,80,Cv,5P,6.1,146,D
Opel Corsa,MY10,1.3,EoFlex,75,Cv,3P,4.3,114,C
Opel Corsa,MY10,1.4,100cv,5P,5.5,129,C
Opel Corsa,MY11,1.0,65,Cv,3P,5,117,B
Opel Corsa,MY11,1.0,65,Cv,5P,5,117,B
Opel Corsa,MY11,1.2,85,Cv,3P,5.3,124,C
Opel Corsa,MY11,1.2,85,Cv,5P,5.3,124,C
Opel Corsa,MY11,1.2,85,Cv,MTA.,3P,5.1,119,C
Opel Corsa,MY11,1.2,85,Cv,MTA.,5P,5.1,119,B
Opel Corsa,MY11,1.3,CDTI,95,Cv,M6,3P,4.4,115,D
Opel Corsa,MY11,1.3,CDTI,Start,&,Stop,95,Cv,M5,3P,3.5,94,B
Opel Corsa,MY11,1.3,CDTI,Start,&,Stop,95,Cv,M5,5P,3.6,95,B
Opel Corsa,MY11,1.3,EoFlex,75,Cv,3P,4.3,114,C
Opel Corsa,MY11,1.3,EoFlex,75,Cv,5P,4.3,114,C
Opel Corsa,MY11,1.3,EoFlex,Start,&,Stop,75,Cv,M5,3P,4,105,C
Opel Corsa,MY11,1.3,EoFlex,Start,&,Stop,75,Cv,M5,5P,4,105,C
Opel Corsa,MY11,1.4,100,Cv,A4,5P,6.3,147,D
Opel Corsa,MY11,1.4,100,Cv,M5,5P,5.7,134,C
Opel Corsa,MY12,1.2,85,Cv,3P,5.5,129,C
Opel Corsa,MY12,1.2,85,Cv,5P,5.5,129,C
Opel Corsa,MY12,1.3,CDTI,Start,&,Stop,95,Cv,M5,3P,3.5,94,B
Opel Corsa,MY12,1.3,CDTI,Start,&,Stop,95,Cv,M5,5P,3.6,95,B
Opel Corsa,MY12,1.3,EoFlex,Start,&,Stop,75,Cv,M5,3P,4,105,C
Opel Corsa,MY12,1.3,EoFlex,Start,&,Stop,75,Cv,M5,5P,4,105,C
Opel Corsa,MY12,1.4,100,Cv,A4,5P,6.3,147,D
Opel Corsa,MY12,1.7,CDTI,130,Cv,M6,3P,4.5,118,D
Opel Corsa,MY13,1.3,CDTI,Start,&,Stop,95,Cv,M5,5P,3.4,89,A
Opel Corsa,MY14'5,"1.4,100,Start,&,Stop,Cv,M5,3P")",5.2,122,C
Opel Corsa,MY14'5,"1.4,100,Start,&,Stop,Cv,M5,5P")",5.2,122,C
Opel Corsa,MY14'5,1.0,65,Cv,M5,3P,5.1,120,C
Opel Corsa,MY14'5,1.2,85,Cv,3P,5.5,129,C
Opel Corsa,MY14'5,1.2,85,Cv,5P,5.5,129,C
Opel Corsa,MY14'5,1.2,85,Cv,MTA.,3P,5.3,125,C
Opel Corsa,MY14'5,1.2,85,Cv,MTA.,5P,5.3,125,C
Opel Corsa,MY14'5,1.2,GLP,M5,85,Cv,3P,12.71,110,NA
Opel Corsa,MY14'5,1.2,GLP,M5,85,Cv,5P,13.27,115,NA
Opel Corsa,MY14'5,1.2,Start,&,Stop,85,Cv,3P,5.1,119,C
Opel Corsa,MY14'5,1.2,Start,&,Stop,85,Cv,5P,5.1,119,B
Opel Corsa,MY14'5,1.3,CDTI,95,Cv,M6,3P,4.4,115,D
Opel Corsa,MY14'5,1.3,CDTI,95,Cv,M6,5P,4.4,115,C
Opel Corsa,MY14'5,1.3,CDTI,Start,&,Stop,95,Cv,M5,3P,3.3,88,A
Opel Corsa,MY14'5,1.3,CDTI,Start,&,Stop,95,Cv,M5,5P,3.3,88,A
Opel Corsa,MY14'5,1.3,EoFlex,75,Cv,M5,3P,4.2,110,C
Opel Corsa,MY14'5,1.3,EoFlex,75,Cv,M5,5P,4.2,112,C
Opel Corsa,MY14'5,1.3,EoFlex,95,Cv,M6,3P,4.4,115,D
Opel Corsa,MY14'5,1.3,EoFlex,95,Cv,M6,5P,4.4,115,C
Opel Corsa,MY14'5,1.4,100,Cv,M5,3P,5.7,134,D
Opel Corsa,MY14'5,1.4,100,Cv,M5,5P,5.7,134,C
Opel Corsa,MY14'5,1.4,100,Start,&,Stop,Cv,M5,3P,5.1,120,C
Opel Corsa,MY14'5,1.4,100,Start,&,Stop,Cv,M5,5P,5.1,120,B
Opel Corsa,MY14'5,1.4,Turbo,Start,&,Stop,120,Cv,M5,3P,5.5,129,C
Opel Corsa,MY14'5,1.4,Turbo,Start,&,Stop,120,Cv,M5,5P,5.5,129,C
Opel Corsa,MY14'5,1.6,Turbo,192,Cv,M6,3P,OPC7.3,172,F
Opel Corsa,MY14'5,1.6,Turbo,210,Cv,M6,3P,OPC,NÜRBURGRIN,7.6,178,G
Opel Corsa,MY14'5,1.7,CDTI,130,Cv,M6,3P,4.5,118,D
Opel Corsa,MY15'5,1.0,Turbo,Start,&,Stop,115,Cv,M6,3P,4.9,115,B
Opel Corsa,MY15'5,1.4,75,Cv,M5,3P,5.2,121,C
Opel Corsa,MY15'5,1.4,75,Cv,M5,3P,5.1,119,B
Opel Corsa,MY15'5,1.4,75,Cv,M5,5P,5.2,122,C
Opel Corsa,MY15'5,1.4,75,Cv,M5,5P,5.1,120,B
Opel Corsa,MY15'5,1.4,90,Cv,M5,3P,5.2,121,C
Opel Corsa,MY15'5,1.4,90,Cv,M5,3P,5.1,119,B
Opel Corsa,MY15'5,1.4,90,Cv,M5,5P,5.2,122,C
Opel Corsa,MY15'5,1.4,90,Cv,M5,5P,5.1,120,B
Opel Corsa,MY15'5,1.4,AT6,90,Cv,5P,6,140,D
Opel Corsa,MY15'5,1.4,Turbo,Start,&,Stop,100,Cv,M6,5P,5.3,123,C
Opel Corsa,MY15'5,1.4,Turbo,Start,&,Stop,100,Cv,M6,5P,5.1,120,B
Opel Corsa,MY16,1.3,CDTI,Start,&,Stop,75,Cv,M5,3P,3.8,100,B
Opel Corsa,MY16,1.3,CDTI,Start,&,Stop,75,Cv,M5,5P,3.8,100,B
Opel Corsa,MY16,1.4,75,Cv,M5,3P,5.1,118,B
Opel Corsa,MY16,1.4,75,Cv,M5,5P,5.1,118,B
Opel Corsa,MY16,1.4,90,Cv,M5,3P,5.1,118,B
Opel Corsa,MY16,1.4,90,Cv,M5,5P,5.1,118,B
Opel Corsa,MY17´5,1.3,CDTI,75,Cv,M5,5P,4,105,B
Opel Corsa,MY18,1.3,CDTI,75,Cv,M5,3P,4,107,B
Opel Corsa,MY18,1.3,CDTI,75,Cv,M5,3P,4,105,B
Opel Corsa,MY18,1.3,CDTI,75,Cv,M5,3P,3.8,101,B
Opel Corsa,MY18,1.3,CDTI,75,Cv,M5,5P,4,105,B
Opel Corsa,MY18,1.3,CDTI,75,Cv,M5,5P,3.8,101,B
Opel Corsa,MY18,1.3,CDTI,EoFlex,Start,&,Stop,95,Cv,M5,3P,3.3,87,A
Opel Corsa,MY18,1.3,CDTI,EoFlex,Start,&,Stop,95,Cv,M5,5P,3.4,89,A
Opel Corsa,MY18,1.3,CDTI,Start,&,Stop,95,Cv,M6,3P,4.1,108,C
Opel Corsa,MY18,1.3,CDTI,Start,&,Stop,95,Cv,M6,3P,4,106,B
Opel Corsa,MY18,1.3,CDTI,Start,&,Stop,95,Cv,M6,3P,3.8,101,B
Opel Corsa,MY18,1.3,CDTI,Start,&,Stop,95,Cv,M6,5P,4.1,108,C
Opel Corsa,MY18,1.3,CDTI,Start,&,Stop,95,Cv,M6,5P,4,106,B
Opel Corsa,MY18,1.3,CDTI,Start,&,Stop,95,Cv,M6,5P,3.8,101,B
Opel Corsa,MY18,1.4,GLP,M5,90,Cv,3P,5.6,114,NA
Opel Corsa,MY18,1.4,GLP,M5,90,Cv,3P,5.6,113,NA
Opel Corsa,MY18,1.4,MTA,Start,&,Stop,90,Cv,3P,4.8,112,B
Opel Corsa,MY18,1.4,MTA,Start,&,Stop,90,Cv,3P,4.7,110,B
Opel Corsa,MY18,1.4,MTA,Start,&,Stop,90,Cv,5P,4.8,112,B
Opel Corsa,MY18,1.4,MTA,Start,&,Stop,90,Cv,5P,4.7,110,B
Opel Corsa,MY18,1.4,Turbo,Start,&,Stop,100,Cv,M6,3P,5.2,122,C
Opel Corsa,MY18,1.4,Turbo,Start,&,Stop,100,Cv,M6,3P,5.1,119,B
Opel Corsa,MY18,1.6,Turbo,OPC,3P,7.5,174,F
Opel CORSA,VAN,1.3,CDTI,75,Cv,M5,4.1,109,NA
Opel CORSA,VAN,1.3,CDTI,75,Cv,M5,4,107,NA
Opel CORSA,VAN,1.3,CDTI,75,Cv,M5,3.8,101,NA
Opel CORSA,VAN,1.3,CDTI,75,Cv,M5,(MOM,=1320,kg),3.9,102,NA
Opel CORSA,VAN,1.3,CDTI,Start,&,Stop,75,Cv,M5,(MOM,=1318,kg),3.9,102,NA
Opel CORSA,VAN,1.3,CDTI,Start,&,Stop,75,Cv,M5,3.8,100,NA
Opel Corsa,Van,MY16,1.3,CDTI,75,Cv,M5,4.2,112,NA
Opel Corsa,Van,MY16,1.3,CDTI,75,Cv,M5,(MOM,=1320,kg),4.4,115,NA
Opel Crossland,X,1.2,81,Cv,MT5,5.5,125,B
Opel Crossland,X,1.2,GLP,81,Cv,MT5,7,113,NA
Opel Crossland,X,1.2,MPFI,81,Cv,M5,5.2,116,B
Opel Crossland,X,1.2,Turbo,110,Cv,S/S,AT6,5.4,123,B
Opel Crossland,X,1.2,Turbo,130,Cv,S/S,M6,5.1,116,B
Opel Crossland,X,1.2,Turbo,S/S,EoTE,110,Cv,M5,4.9,111,B
Opel Crossland,X,1.6,Turbo,120,Cv,S/S,M6,4,105,B
Opel Crossland,X,1.6,Turbo,99,Cv,M5,3.9,102,B
Opel Grandland,X,1.2,Turbo,130,Cv,S/S,M6,5.4,124,A
Opel Grandland,X,1.2,Turbo,130,Cv,S/S,M6,5.1,117,A
Opel Grandland,X,1.5,CDTi,S/S,130,Cv,6V,0,113,NA
Opel Grandland,X,1.5,CDTi,S/S,130,Cv,6V,0,110,NA
Opel Grandland,X,1.5,CDTi,S/S,130,Cv,6V,0,110,NA
Opel Grandland,X,1.6,CDTI,120,Cv,S/S,M6,4.3,111,B
Opel Grandland,X,1.6,CDTI,120,Cv,S/S,M6,4,104,A
Opel Grandland,X,1.6,CDTI,120cv,S/S,AT6,4.6,118,B
Opel Grandland,X,1.6,CDTI,120cv,S/S,AT6,4.3,112,B
Opel Grandland,X,2.0,CDTi,S/S,180,Cv,AT8,0,124,NA
Opel Grandland,X,2.0,CDTi,S/S,180,Cv,AT8,0,128,NA
Opel Grandland,X,2.0,CDTi,S/S,180,Cv,AT8,0,124,NA
Opel INSIGNIA,1.4,Turbo,EoFLEX,GLP,140,Cv,4&5,,8.04,124,NA
Opel INSIGNIA,1.4,Turbo,Start,&,Stop,140,Cv,M6,4&5,,5.5,129,A
Opel INSIGNIA,1.4,Turbo,Start,&,Stop,140,Cv,M6,4&5,,5.3,124,A
Opel INSIGNIA,1.6,CDTI,136,Cv,A6,4&5,,4.7,124,A
Opel INSIGNIA,1.6,CDTI,136,Cv,A6,5,,5,133,B
Opel INSIGNIA,1.6,CDTI,Start,&,Stop,120,Cv,M6,4&5,,3.9,104,A
Opel INSIGNIA,1.6,CDTI,Start,&,Stop,120,Cv,M6,4&5,,4.1,109,A
Opel INSIGNIA,1.6,CDTi,Start,&,Stop,136,CvM6,4.3,114,A
Opel INSIGNIA,1.6,CDTI,Start,&,Stop,EoFLEX,136,Cv,M6,4&5,,3.8,99,A
Opel INSIGNIA,1.6,CDTI,Start,&,Stop,EoFLEX,136,Cv,M6,4&5,,3.9,104,A
Opel INSIGNIA,1.6,CDTI,Start,&,Stop,EoFLEX,136,Cv,M6,5,,4.3,113,A
Opel INSIGNIA,1.6,CDTI,Start,&,Stop,EoFLEX,136,Cv,M6,5,,4.4,116,A
Opel INSIGNIA,2.0,CDTI,130,Cv,A6,4&5,,5.3,139,B
Opel INSIGNIA,2.0,CDTI,163,Cv,A6,4&5,,5.3,140,B
Opel INSIGNIA,2.0,CDTI,170,Cv,A6,4&5,,5.6,147,C
Opel INSIGNIA,2.0,CDTI,4x4,163,Cv,A6,4&5,,6.2,164,D
Opel INSIGNIA,2.0,CDTI,4x4,170,Cv,A6,4&5,,6.2,164,D
Opel INSIGNIA,2.0,CDTI,4x4,Start,&,Stop,160,Cv,M6,4,,5.6,147,C
Opel INSIGNIA,2.0,CDTI,4x4,Start,&,Stop,160,Cv,M6,5,,5.6,149,C
Opel INSIGNIA,2.0,CDT,Biturbo,195,Cv,A6,4&5,,5.9,155,C
Opel INSIGNIA,2.0,CDT,Biturbo,4x4,195,Cv,A6,4&5,,6.1,162,D
Opel INSIGNIA,2.0,CDT,Biturbo,4x4,Start,&,Stop,195,Cv,M6,4,,5.4,144,C
Opel INSIGNIA,2.0,CDT,Biturbo,4x4,Start,&,Stop,195,Cv,M6,5,,5.5,146,C
Opel INSIGNIA,2.0,CDT,Biturbo,Start,&,Stop,195,Cv,M6,4&5,,4.7,125,A
Opel INSIGNIA,2.0,CDTI,EoFLEX,Start,&,Stop,120,Cv,4&5,,3.7,98,A
Opel INSIGNIA,2.0,CDTI,EoFLEX,Start,&,Stop,120,Cv,4&5,3.7,99,A
Opel INSIGNIA,2.0,CDTI,EoFLEX,Start,&,Stop,140,Cv,4&5,,3.7,98,A
Opel INSIGNIA,2.0,CDTI,EoFLEX,Start,&,Stop,140,Cv,4&5,3.7,99,A
Opel INSIGNIA,2.0,CDTI,EoFlex,Start,&,Stop,163,Cv,M6,4&5,,4.3,114,A
Opel INSIGNIA,2.0,CDTI,Start,&,Stop,110,Cv,M6,4&5,,4.2,112,A
Opel INSIGNIA,2.0,CDTI,Start,&,Stop,130,Cv,M6,4&5,,4.2,112,A
Opel INSIGNIA,2.0,CDTI,Start,&,Stop,170,Cv,M6,4&5,,4.5,118,A
Opel INSIGNIA,2.0,Turbo,4x4,250,Cv,M6,4&5,,8.5,199,D
Opel INSIGNIA,2.0,Turbo,Start,&,Stop,4x4,250,Cv,M6,4&5,,7.8,184,C
Opel INSIGNIA,2.8,V6,Turbo,325,Cv,A6,4&5OPC10.7,251,G
Opel INSIGNIA,2.8,V6,Turbo,325,Cv,M6,4&5OPC10.6,244,G
Opel Insignia,GS,1.5,Turbo,XFL EoTEC,Start,&,Stop,140,Cv,MT6,5.7,129,A
Opel Insignia,GS,1.5,Turbo,XFL Start,&,Stop,140,Cv,M6,5.9,133,A
Opel Insignia,GS,1.5,Turbo,XFT,Start,&,Stop,TURBO,165,Cv,AT6,6.1,138,A
Opel Insignia,GS,1.5,Turbo,XFT,Start,&,Stop,TURBO,165,Cv,MT6,6,136,A
Opel Insignia,GS,1.6,CDTi,Start,&,Stop,EoTEC,D,110,Cv,MT6,4,105,A
Opel Insignia,GS,1.6,CDTi,Start,&,Stop,TURBO,D,136,Cv,AT6,5.1,134,B
Opel Insignia,GS,1.6,CDTi,Start,&,Stop,Turbo,D,136,Cv,MT6,4.5,118,A
Opel Insignia,GS,1.6,CDTi,Start,&,Stop,Turbo,D,136,Cv,MT6,4.3,114,A
Opel Insignia,GS,2.0,CDT,BiTURBO,Start,&,Stop,4x4,210,Cv,AT8,0,0,NA
Opel Insignia,GS,2.0,CDT,BiTURBO,Start,&,Stop,4x4,210,Cv,AT8,(GSI),0,0,NA
Opel Insignia,GS,2.0,CDT,BiTURBO,Start,&,Stop,4x4,210,Cv,AT8,0,0,NA
Opel Insignia,GS,2.0,CDTI,Start,&,Stop,TURBO,D,170,Cv,AT8,5.5,145,C
Opel Insignia,GS,2.0,CDTi,Start,&,Stop,Turbo,D,170,Cv,MT6,5.2,136,B
Opel Insignia,GS,2.0,CDTI,TURBO,D,Start,&,Stop,4x4,170,Cv,M6,6.2,163,D
Opel Insignia,GS,2.0,TURBO,Start,&,Stop,4x4,260,Cv,AT8,8.6,197,D
Opel Insignia,GS,2.0,TURBO,Start,&,Stop,4x4,260,Cv,AT8,(GSI),8.6,197,D
Opel Insignia,GS,MY18,1.5,Turbo,XFL EoTEC,Start,&,Stop,140,Cv,MT6,5.7,129,A
Opel Insignia,GS,MY18,1.6,CDTi,Start,&,Stop,Turbo,D,136,Cv,MT6,4.3,114,A
Opel Insignia,MY10,2.8,V6,4x4,260,Cv,M6,4,,10.9,256,G
Opel Insignia,MY11,1.6,Turbo,180,Cv,M6,4&5,,7.7,179,C
Opel Insignia,MY11,1.8,16v,140,Cv,M6,4&5,,7.6,179,C
Opel Insignia,MY11,2.0,CDTi,110cv,M6,4&5,,5,133,B
Opel Insignia,MY11,2.0,CDTi,130cv,A6,4&5,,5.9,157,C
Opel Insignia,MY11,2.0,CDTi,130cv,M6,4&5,,5,133,B
Opel Insignia,MY11,2.0,CDTi,160cv,A6,4&5,,6,159,D
Opel Insignia,MY11,2.0,CDTi,160cv,M6,5,,5.4,144,C
Opel Insignia,MY11,2.0,CDTi,4x4,160cv,4,,5.9,156,C
Opel Insignia,MY11,2.0,CDTi,4x4,160cv,5,,6,158,D
Opel Insignia,MY11,2.0,CDTi,4X4,160cv,A6,4&5,,6.7,178,E
Opel Insignia,MY11,2.0,CDTi,EoFLEX,130cv,M6,4&5,,4.9,129,B
Opel Insignia,MY11,2.0,CDTi,EoFLEX,160cv,M6,4&5,,4.9,129,B
Opel Insignia,MY11,2.0,Turbo,220,Cv,A6,4,,9.6,225,E
Opel Insignia,MY11,2.0,Turbo,4x4,220,Cv,M6,4&5,,8.9,209,E
Opel Insignia,MY12,1.4,Turbo,Start,&,Stop,140,Cv,M6,4&5,,5.7,134,A
Opel Insignia,MY12,1.6,Turbo,180,Cv,M6,4&5,,7,164,B
Opel Insignia,MY12,2.0,CDTI,130,Cv,A6,4&5,,5.6,147,C
Opel Insignia,MY12,2.0,CDTI,EoFlex,Start,&,Stop,160,Cv,M6,4&5,,4.3,115,A
Opel Insignia,MY12,2.0,CDTI,Start,&,Stop,110,Cv,M6,4&5,,4.4,116,A
Opel Insignia,MY12,2.0,CDTI,Start,&,Stop,130,Cv,M6,4&5,,4.4,116,A
Opel Insignia,MY12,2.0,Turbo,220,Cv,A6,4,,8.7,204,D
Opel Insignia,MY12,2.0,Turbo,220,Cv,A6,5,,8.8,206,E
Opel Insignia,MY13,4.3,114,A
Opel Insignia,MY13,1.4,Turbo,Start,&,Stop,140,Cv,M6,4&5,,5.5,129,A
Opel Insignia,MY13,2.0,CDTI,EoFlex,Start,&,Stop,160,Cv,M6,4&5,,4.3,114,A
Opel Insignia,MY13,2.0,CDTI,Start,&,Stop,110,Cv,M6,4&5,,4.3,114,A
Opel Insignia,MY13,2.0,CDTI,Start,&,Stop,130,Cv,M6,4&5,,4.3,114,A
Opel INSIGNIA,MY13'5,1.4,Turbo,Start,&,Stop,140,Cv,M6,4&5,,5.4,126,A
Opel INSIGNIA,MY13'5,2.0,CDTI,130,Cv,A6,4&5,,5.4,144,C
Opel INSIGNIA,MY13'5,2.0,CDTI,160,Cv,A6,4&5,,5.7,149,C
Opel INSIGNIA,MY13'5,2.0,CDTI,4x4,160,Cv,A6,4&5,,6.4,169,D
Opel INSIGNIA,MY13'5,2.0,CDT,Biturbo,4x4,195,Cv,A6,4&5,,6.4,169,D
Opel INSIGNIA,MY13'5,2.0,CDT,Biturbo,Start,&,Stop,195,Cv,M6,4&5,,4.9,129,B
Opel INSIGNIA,MY13'5,2.0,CDTI,EoFlex,Start,&,Stop,160,Cv,M6,4&5,,4.2,112,A
Opel INSIGNIA,MY13'5,2.8,V6,Turbo,325,Cv,A6,4&5OPC10.7,251,G
Opel INSIGNIA,MY13'5,2.8,V6,Turbo,325,Cv,M6,4&5OPC10.6,249,G
Opel Insignia,MY14,2.0,CDTI,163,Cv,A6,4&5,,5.6,148,C
Opel Insignia,MY14,2.0,CDTI,4x4,163,Cv,A6,4&5,,6,158,D
Opel Insignia,MY14'5,1.4,Turbo,EoFLEX,GLP,140,Cv,4&5,,8.04,124,NA
Opel Insignia,MY14'5,1.4,Turbo,Start,&,Stop,140,Cv,M6,4&5,,5.2,123,A
Opel Insignia,MY15'5,1.4,Turbo,EoFLEX,GLP,140,Cv,4&5,,8.41,129,NA
Opel Insignia,MY15'5,2.8,V6,Turbo,325,Cv,M6,4&5OPC10.6,249,G
Opel Insignia,MY16,1.6,CDTI,136,Cv,A6,4&5,,4.9,129,B
Opel Insignia,ST,1.4,Turbo,EoFLEX,GLP,140,Cv,M6,8.41,129,NA
Opel Insignia,ST,1.5,Turbo,XFL EoTEC,Start,&,Stop,140,Cv,M6,5.8,132,A
Opel Insignia,ST,1.5,Turbo,XFT,Start,&,Stop,TURBO,165,Cv,AT6,6.2,141,A
Opel Insignia,ST,1.5,Turbo,XFT,Start,&,Stop,TURBO,165,Cv,M6,6.1,139,A
Opel Insignia,ST,1.6,CDTI,136,Cv,A6,5.2,138,B
Opel Insignia,ST,1.6,CDTI,Start,&,Stop,120,Cv,M6,4.1,109,A
Opel Insignia,ST,1.6,CDTI,Start,&,Stop,EoFLEX,136,Cv,M6,3.9,104,A
Opel Insignia,ST,1.6,CDTI,Start,&,Stop,EoFLEX,136,Cv,M6,(llanta,18.19,y,20),4.1,104,A
Opel Insignia,ST,1.6,CDTi,Start,&,Stop,EoTEC,D,110,CV,6V,4.3,112,A
Opel Insignia,ST,1.6,CDTi,Start,&,Stop,EoTEC,D,136,CV,6V,4.5,119,A
Opel Insignia,ST,1.6,CDTi,Start,&,Stop,EoTEC,D,136,CV,AT6,5.2,137,B
Opel Insignia,ST,2.0,CDTI,160,Cv,A6,5.9,155,C
Opel Insignia,ST,2.0,CDTI,4x4,Start,&,Stop,160,Cv,M6,5.6,149,C
Opel Insignia,ST,2.0,CDT,Biturbo,195,Cv,A6,6,158,C
Opel Insignia,ST,2.0,CDT,BiTURBO,Start,&,Stop,4x4,210,CV,AT8,,0,0,NA
Opel Insignia,ST,2.0,CDT,BiTURBO,Start,&,Stop,4x4,210,CV,AT8,(GSI),0,0,NA
Opel Insignia,ST,2.0,CDTI,Start,&,Stop,170,Cv,M6,5.6,149,A
Opel Insignia,ST,2.0,CDTI,Start,&,Stop,4x4,170,Cv,M6,5.6,147,C
Opel Insignia,ST,2.0,CDTI,Start,&,Stop,TURBO,D,170,Cv,AT8,5.7,150,C
Opel Insignia,ST,2.0,CDTI,Start,&,Stop,TURBO,D,170,CV,AT8,,6,157,C
Opel Insignia,ST,2.0,CDTi,Start,&,Stop,Turbo,D,170,Cv,M6,5.3,139,B
Opel Insignia,ST,2.0,CDTI,Start,&,Stop,TURBO,D,4x4,170,CV,6V,,6.5,172,D
Opel Insignia,ST,2.0,NFT,TURBO,Start,&,Stop,4x4,260cv,AT8,8.7,199,D
Opel Insignia,ST,2.0,TURBO,Start,&,Stop,4x4,260,CV,AT8,,8.9,203,D
Opel Insignia,ST,2.0,TURBO,Start,&,Stop,4x4,260,CV,AT8,(GSI),8.7,199,D
Opel Insignia,ST,2.8,V6,Turbo,325,Cv,M6,OPC10.8,249,G
Opel Insignia,ST,MY10,2.8,V6,4x4,260cv,A6,11.3,265,G
Opel Insignia,ST,MY11,1.6,Turbo,180cv,M6,7.9,186,C
Opel Insignia,ST,MY11,1.8,16v,140CV,M6,7.8,184,C
Opel Insignia,ST,MY11,2.0,CDTi,130cv,A6,6.1,162,C
Opel Insignia,ST,MY11,2.0,CDTi,130cv,M6,5.1,136,B
Opel Insignia,ST,MY11,2.0,CDTi,160cv,A6,6.2,164,D
Opel Insignia,ST,MY11,2.0,CDTi,160cv,M6,5.6,149,C
Opel Insignia,ST,MY11,2.0,CDTi,4x4,160cv,A6,6.8,179,E
Opel Insignia,ST,MY11,2.0,CDTi,4x4,160cv,M6,6,159,C
Opel Insignia,ST,MY11,2.0,CDTi,EoFLEX,130cv,M6,5.1,134,B
Opel Insignia,ST,MY11,2.0,CDTi,EoFLEX,160CV,M6,5.1,134,B
Opel Insignia,ST,MY11,2.0,Turbo,220cv,A6,9.2,217,E
Opel Insignia,ST,MY11,2.0,Turbo,4x4,220cv,M6,9.1,213,E
Opel Insignia,ST,MY12,1.4,Turbo,Start,&,Stop,140,Cv,M6,5.9,139,A
Opel Insignia,ST,MY12,1.6,Turbo,180,Cv,M6,7.2,169,B
Opel Insignia,ST,MY12,2.0,CDTI,130,Cv,A6,5.7,151,C
Opel Insignia,ST,MY12,2.0,Turbo,220,Cv,A6,8.9,209,D
Opel Insignia,ST,MY13'5,1.4,Turbo,Start,&,Stop,140,Cv,M6,5.7,134,A
Opel Insignia,ST,MY13'5,2.0,CDTI,130,Cv,A6,5.6,149,C
Opel Insignia,ST,MY13'5,2.0,CDTI,4x4,160,Cv,A6,6.6,175,D
Opel Insignia,ST,MY13'5,2.0,CDT,Biturbo,4x4,195,Cv,A6,6.6,174,D
Opel Insignia,ST,MY13'5,2.0,CDT,Biturbo,Sta0rt,&,Stop,195,Cv,M6,5.1,134,B
Opel Insignia,ST,MY14,2.0,CDTI,163,Cv,A6,5.6,149,C
Opel Insignia,ST,MY14,2.0,CDTI,4x4,163,Cv,A6,6.4,169,D
Opel Insignia,ST,MY14,2.8,V6,Turbo,325,Cv,A6,OPC11,259,G
Opel Insignia,ST,MY14'5,1.4,Turbo,EoFLEX,GLP,140,Cv,M6,8.41,129,NA
Opel Insignia,ST,MY14'5,1.4,Turbo,Start,&,Stop,140,Cv,M6,5.6,131,A
Opel Insignia,ST,MY15'5,1.4,Turbo,EoFLEX,GLP,140,Cv,M6,8.6,133,NA
Opel Insignia,ST,MY15'5,1.4,Turbo,Start,&,Stop,140,Cv,M6,5.8,136,A
Opel Insignia,ST,MY15'5,2.8,V6,Turbo,325,Cv,A6,OPC11,257,G
Opel Insignia,ST,MY15'5,2.8,V6,Turbo,325,Cv,M6,OPC10.9,255,G
Opel Insignia,ST,MY16,1.6,CDTI,136,Cv,A6,5.1,134,B
Opel Insignia,ST,MY17'5,1.4,Turbo,EoFLEX,GLP,140,Cv,M6,4.5,129,NA
Opel Insignia,ST,MY17.5,2.0,CDTI,Start,&,Stop,170,Cv,M6,4.7,124,A
Opel Insignia,ST,MY17.5,2.0,CDTI,Start,&,Stop,4x4,170,Cv,M6,5.6,147,C
Opel Insignia,ST,MY17.5,2.8,V6,Turbo,325,Cv,M6,OPC10.8,249,G
Opel Insignia,ST,MY18,1.5,Turbo,XFL EoTEC,Start,&,Stop,140,Cv,M6,5.8,132,A
Opel Karl B,1.0,XE,75,Cv,M5,4.6,104,C
Opel Karl B,1.0,XE,75,Cv,MTA4.5,103,C
Opel Karl MY18,B,1.0,XE,75,Cv,M5,4.6,104,C
Opel Karl MY18,B,1.0,XE,75,Cv,M5.,4.5,104,C
Opel Karl MY18,B,1.0,XE,75,Cv,MTA4.5,103,C
Opel Karl Rocks,B,1.0,XE,73,Cv,M5,4.7,106,C
Opel Karl Rocks,B,1.0,XE,73,Cv,M5,5p,0,116,NA
Opel Karl Rocks,MY18,B,1.0,XE,73,Cv,M5,4.7,106,C
Opel Meriva,1.6,CDTI,110cv,Start,&,Stop,M6,4.1,99,B
Opel Meriva,1.3,CDTI,EoFlex,95,Cv,M5,4.5,119,B
Opel Meriva,1.4,GLP,120,Cv,M5,7.85,121,NA
Opel Meriva,1.4,NEL 120,Cv,A6,7.2,169,D
Opel Meriva,1.4,NEL 120,Cv,M6,6.3,149,C
Opel Meriva,1.4,NET,140,Cv,A6,7.2,169,D
Opel Meriva,1.4,NET,140,Cv,M6,6.3,149,C
Opel Meriva,1.4,XER,100,Cv,M5,6,140,C
Opel Meriva,1.6,CDTI,110cv,Start,&,Stop,M6,4.4,116,B
Opel Meriva,1.6,CDTI,136cv,Start,&,Stop,M6,4.4,116,B
Opel Meriva,1.7,CDTI,110,Cv,M6,5.3,139,D
Opel Meriva,1.7,CDTI,110,Cv,Start,&,Stop,M6,4.7,124,C
Opel Meriva,1.7,CDTI,110cv,A6,6.1,160,F
Opel Meriva,1.7,CDTI,130,Cv,M6,5.3,139,D
Opel Meriva,14,NEL 120,Cv,M5,5.9,139,C
Opel Meriva,MY11,1.3,CDTi,75,Cv,M5,4.9,129,C
Opel Meriva,MY12,1.4,NEL 120,Cv,M5,6.1,143,C
Opel Meriva,MY12,1.4,NET,140,Cv,M6,6.7,156,D
Opel Meriva,MY12,1.4,XER,100,Cv,M5,6.1,144,C
Opel Meriva,MY12,1.7,CDTI,100,Cv,A6,6.4,168,F
Opel Meriva,MY12,1.7,CDTI,110,Cv,M6,5.2,138,D
Opel Meriva,MY12,1.7,CDTI,130,Cv,M6,5.2,138,D
Opel Meriva,MY13,1.4,NEL 120,Cv,M6,6.4,151,C
Opel Meriva,MY13,1.4,NET,140,Cv,M6,6.4,151,C
Opel Meriva,MY13,1.4,XER,100,Cv,M5,6.1,143,C
Opel Meriva,MY13'5,1.7,CDTI,110,Cv,Start,&,Stop,M6,4.9,129,C
Opel Meriva,MY14,1.6,CDTI,110cv,Start,&,Stop,M6,4.4,116,B
Opel Meriva,MY14,1.3,CDTI,EoFlex,95,Cv,M5,4.5,119,C
Opel Meriva,MY14,1.4,GLP,120,Cv,M5,14.21,124,NA
Opel Meriva,MY14,1.4,NEL 120,Cv,A6,7.2,169,D
Opel Meriva,MY14,1.4,NEL 120,Cv,M6,6.3,149,C
Opel Meriva,MY14,1.4,NET,140,Cv,A6,7.2,169,D
Opel Meriva,MY14,1.4,NET,140,Cv,M6,6.3,149,C
Opel Meriva,MY14,1.4,XER,100,Cv,M5,6,140,C
Opel Meriva,MY14,1.7,CDTI,110cv,A6,6.1,160,F
Opel Meriva,MY15,1.6,CDTI,110cv,Start,&,Stop,M6,4,105,B
Opel Mokka,1.4,4x2,AUT,140,Cv,6.2,144,B
Opel Mokka,1.4,4x2,AUT,140,Cv,(llanta,19),6.5,149,C
Opel Mokka,1.4,4x2,AUT,140,Cv,(llanta,19)(M1-AF),6.5,149,C
Opel Mokka,1.4,4x2,AUT,140,Cv,(M1-AF),6.2,144,B
Opel Mokka,1.4,4x2,GLP,140,Cv,14.77,129,NA
Opel Mokka,1.4,4x2,GLP,140,Cv/,M1-AF),14.21,124,NA
Opel Mokka,1.4,4x2,GLP,140,Cv,14.21,124,NA
Opel Mokka,1.4,4x2,GLP,140,Cv,(M1-AF),14.77,129,NA
Opel Mokka,1.4,4x2,Start,&,Stop,140,Cv,6,139,B
Opel Mokka,1.4,4x2,Start,&,Stop,140,Cv,(llanta,19),6.3,145,B
Opel Mokka,1.4,4x2,Start,&,Stop,140,Cv,(llanta,19),(M1-AF),6.3,145,B
Opel Mokka,1.4,4x2,Start,&,Stop,140,Cv,(llantas,18,y,19),6.3,145,B
Opel Mokka,1.4,4x2,Start,&,Stop,140,Cv,(llantas,18,y,19),(M1-AF),6.3,145,B
Opel Mokka,1.4,4x2,Start,&,Stop,140,Cv,(M1-AF),6,139,B
Opel Mokka,1.4,4x4,Start,&,Stop,140,Cv,6.7,155,C
Opel Mokka,1.4,4x4,Start,&,Stop,140,Cv,(M1-AF),6.7,155,C
Opel Mokka,1.4,Turbo,GLP,140,Cv,6.1,142,NA
Opel Mokka,1.4,Turbo,GLP,140,Cv,7.6,124,NA
Opel Mokka,1.4,Turbo,GLP,140,Cv,(llantas,18,y,19),6.4,147,NA
Opel Mokka,1.4,Turbo,GLP,140,Cv,(llantas,18,y,19),7.9,129,NA
Opel Mokka,1.6,4x2,Start,&,Stop,115,Cv,6.5,153,C
Opel Mokka,1.6,4x2,Start,&,Stop,115,Cv,(M1-AF),6.5,153,C
Opel Mokka,1.6,CDTI,4x2,136,Cv,AT,4.9,129,C
Opel Mokka,1.6,CDTI,4x2,136,Cv,AT,,5.1,134,C
Opel Mokka,1.6,CDTI,4x2,Start,&,Stop,136,Cv,4.1,109,A
Opel Mokka,1.6,CDTI,4x2,Start,&,Stop,136,Cv,4.3,114,A
Opel Mokka,1.6,CDTI,4x4,Stat,&,Stop,136,Cv,4.5,119,B
Opel Mokka,1.6,CDTI,4x4,Stat,&,Stop,136,Cv,4.7,124,B
Opel Mokka,1.6,CDTI,S/S,4x2,136,Cv,MT,4.1,106,A
Opel Mokka,1.7,4x2,AUT.,130,Cv,5.3,139,C
Opel Mokka,1.7,4x2,AUT.,130,Cv,(M1-AF),5.3,139,C
Opel Mokka,1.7,4x2,Start,&,Stop,130,Cv,4.5,120,B
Opel Mokka,1.7,4x2,Start,&,Stop,130,Cv,(M1-AF),4.5,120,B
Opel Mokka,1.7,4x4,Stat,&,Stop,130,Cv,4.9,129,C
Opel Mokka,1.7,4x4,Stat,&,Stop,130,Cv,(M1-AF),4.9,129,C
Opel Mokka,MY15,1.4,4x2,AUT,140,Cv,6.6,154,C
Opel Mokka,MY15,1.4,4x2,AUT,140,Cv,(M1-AF),6.6,154,C
Opel Mokka,MY15,1.4,4x4,Start,&,Stop,140,Cv,6.4,149,B
Opel Mokka,MY15,1.4,4x4,Start,&,Stop,140,Cv,(M1-AF),6.4,149,B
Opel Mokka,MY15'5,1.4,4x2,AUT,140,Cv,6.6,154,C
Opel Mokka,MY15'5,1.4,4x2,AUT,140,Cv,(llanta,19),7,160,C
Opel Mokka,MY15'5,1.4,4x2,AUT,140,Cv,(llanta,19)(M1-AF),7,160,C
Opel Mokka,MY15'5,1.4,4x2,AUT,140,Cv,(M1-AF),6.6,154,C
Opel Mokka,MY17,1.4,4x4,Start,&,Stop,140,Cv,6.7,155,C
Opel Mokka,X,1.4,4x2,Start,&,Stop,140,Cv,5.9,138,C
Opel Mokka,X,1.4,4x2,Start,&,Stop,140,Cv,(llantas,18,y,19),6,140,C
Opel Mokka,X,1.4,4x4,Start,&,Stop,140,Cv,6.5,152,D
Opel Mokka,X,1.4,Turbo,4x2,GLP,7.6,124,NA
Opel Mokka,X,1.4,Turbo,4x2,GLP,6.1,142,NA
Opel Mokka,X,1.4,Turbo,4x2,GLP,(llantas,18,y,19),7.9,129,NA
Opel Mokka,X,1.4,Turbo,4x2,GLP,(llantas,18,y,19),6.4,147,NA
Opel Mokka,X,1.4,Turbo,4X4,S/S,150,Cv,AT,6.5,150,D
Opel Mokka,X,1.6,4x2,Start,&,Stop,110,Cv,M6,3.9,103,B
Opel Mokka,X,1.6,4x2,Start,&,Stop,110,Cv,M6,(llantas,18,y,19),4,105,B
Opel Mokka,X,1.6,CDTI,4x2,Start,&,Stop,136,Cv,AT,4.9,128,C
Opel Mokka,X,1.6,CDTI,4x2,Start,&,Stop,136,Cv,AT,(llantas,18,y,19),5,132,D
Opel Mokka,X,1.6,CDTI,4x4,Start,&,Stop,136,Cv,119,119,C
Opel Mokka,X,1.6,CDTI,4x4,Start,&,Stop,136,Cv,(llantas,18,y,19),124,124,C
Opel Mokka,X,MY18,1.4,Turbo,4X4,S/S,150,Cv,AT,6.5,150,D
Opel Mokka,X,MY18,1.6,4x2,Start,&,Stop,110,Cv,M6,3.9,103,B
Opel Mokka,X,MY18,1.6,4x2,Start,&,Stop,110,Cv,M6,(llantas,18,y,19),4,105,B
Opel Movano,C.Abierta,2.3,CDTI,125,Cv,L3H1,3.500,kg,M6RG8.9,232,NA
Opel Movano,C.Abierta,2.3,CDTI,130,Cv,L3H1,3.500,kg,M6RG9.3,242,NA
Opel Movano,C.Abierta,2.3,CDTI,150,Cv,L3H1,3.500,kg,M6RG8.9,232,NA
Opel Movano,C.Abierta,2.3,CDTI,Start,&,Stop,165,Cv,L3H1,3.500,kg,M6RG8.6,222,NA
Opel Movano,C.Abierta,2.3,CDTI,Start,&,Stop,165,Cv,L3H1,3.500,kg,M6RG8.1,212,NA
Opel Movano,C.Abierta,MY12,2.3,CDTI,125,Cv,L3H1,3.500,kg,M6RG9.3,245,NA
Opel Movano,C.Abierta,MY12,2.3,CDTI,146,Cv,L3H1,3.500,kg,M6RG9.3,245,NA
Opel Movano,C.Abierta,MY17,2.3,CDTI,125,Cv,L3H1,3.500,kg,M6RG8.9,232,NA
Opel Movano,C.Abierta,MY17,2.3,CDTI,Start,&,Stop,165,Cv,L3H1,3.500,kg,M6RG8.1,212,NA
Opel Movano,Chasis,2.3,CDTI,125,Cv,L2H1,3.500,kg,M6,8.6,226,NA
Opel Movano,Chasis,2.3,CDTI,125,Cv,L2H1,3.500,kg,M6RS,9.5,250,NA
Opel Movano,Chasis,2.3,CDTI,125,Cv,L3H1,3.500,kg,M6,8.6,226,NA
Opel Movano,Chasis,2.3,CDTI,125,Cv,L3H1,3.500,kg,M6RG8.9,234,NA
Opel Movano,Chasis,2.3,CDTI,125,Cv,L4H1,3.500,kg,M6RG8.9,234,NA
Opel Movano,Chasis,2.3,CDTI,130,Cv,L2H1,3.500,kg,M6,8.2,212,NA
Opel Movano,Chasis,2.3,CDTI,130,Cv,L2H1,3.500,kg,M6RS,9,232,NA
Opel Movano,Chasis,2.3,CDTI,130,Cv,L3H1,3.500,kg,M6,8.2,212,NA
Opel Movano,Chasis,2.3,CDTI,130,Cv,L3H1,3.500,kg,M6RG9.3,242,NA
Opel Movano,Chasis,2.3,CDTI,130,Cv,L4H1,3.500,kg,M6RG9.3,242,NA
Opel Movano,Chasis,2.3,CDTI,145,Cv,L2H1,3.500,kg,M6,7.4,192,NA
Opel Movano,Chasis,2.3,CDTI,145,Cv,L3H1,3.500,kg,M6,7.4,192,NA
Opel Movano,Chasis,2.3,CDTI,150,Cv,L2H1,3.500,kg,M6,8.8,229,NA
Opel Movano,Chasis,2.3,CDTI,150,Cv,L2H1,3.500,kg,M6RS,9.5,248,NA
Opel Movano,Chasis,2.3,CDTI,150,Cv,L3H1,3.500,kg,M6,8.8,229,NA
Opel Movano,Chasis,2.3,CDTI,150,Cv,L3H1,3.500,kg,M6RG8.9,232,NA
Opel Movano,Chasis,2.3,CDTI,150,Cv,L4H1,3.500,kg,M6RG8.9,232,NA
Opel Movano,Chasis,2.3,CDTI,165,Cv,L3H1,3.500,kg,M6RG8.6,222,NA
Opel Movano,Chasis,2.3,CDTI,165,Cv,L4H1,3.500,kg,M6RG8.6,222,NA
Opel Movano,Chasis,2.3,CDTI,Start,&,Stop,165,Cv,L2H1,3.500,kg,M6,7.2,190,NA
Opel Movano,Chasis,2.3,CDTI,Start,&,Stop,165,Cv,L2H1,3.500,kg,M6RS,8.2,212,NA
Opel Movano,Chasis,2.3,CDTI,Start,&,Stop,165,Cv,L2H1,3.500,kg,M6RS,8.3,219,NA
Opel Movano,Chasis,2.3,CDTI,Start,&,Stop,165,Cv,L3H1,3.500,kg,M6,7.2,190,NA
Opel Movano,Chasis,2.3,CDTI,Start,&,Stop,165,Cv,L3H1,3.500,kg,M6RG8.2,216,NA
Opel Movano,Chasis,2.3,CDTI,Start,&,Stop,165,Cv,L4H1,3.500,kg,M6RG8.2,216,NA
Opel Movano,Chasis,Doble,Cabina,2.3,CDTI,125,Cv,L2H1,3.500,kg,M6,8.6,226,NA
Opel Movano,Chasis,Doble,Cabina,2.3,CDTI,125,Cv,L3H1,3.500,kg,M6,8.6,226,NA
Opel Movano,Chasis,Doble,Cabina,2.3,CDTI,130,Cv,L2H1,3.500,kg,M6,8.2,212,NA
Opel Movano,Chasis,Doble,Cabina,2.3,CDTI,130,Cv,L3H1,3.500,kg,M6,8.2,212,NA
Opel Movano,Chasis,Doble,Cabina,2.3,CDTI,145,Cv,L2H1,3.500,kg,M6,7.4,192,NA
Opel Movano,Chasis,Doble,Cabina,2.3,CDTI,145,Cv,L3H1,3.500,kg,M6,7.4,192,NA
Opel Movano,Chasis,Doble,Cabina,2.3,CDTI,146,Cv,L3H1,3.500,kg,M6RG8.9,232,NA
Opel Movano,Chasis,Doble,Cabina,2.3,CDTI,150,Cv,L2H1,3.500,kg,M6,8.8,229,NA
Opel Movano,Chasis,Doble,Cabina,2.3,CDTI,150,Cv,L3H1,3.500,kg,M6,8.8,229,NA
Opel Movano,Chasis,Doble,Cabina,2.3,CDTI,150,Cv,L4H1,3.500,kg,M6RG8.9,232,NA
Opel Movano,Chasis,Doble,Cabina,2.3,CDTI,Start,&,Stop,165,Cv,L2H1,3.500,kg,M6,7.2,190,NA
Opel Movano,Chasis,Doble,Cabina,2.3,CDTI,Start,&,Stop,165,Cv,L3H1,3.500,kg,M6,7.2,190,NA
Opel Movano,Chasis,Doble,Cabina,2.3,CDTI,Start,&,Stop,165,Cv,L3H1,3.500,kg,M6RG8.2,216,NA
Opel Movano,Chasis,MY12,2.3,CDTI,125,Cv,L2H1,3.500,kg,M6,9.2,243,NA
Opel Movano,Chasis,MY12,2.3,CDTI,125,Cv,L2H1,3.500,kg,M6RS,9.8,260,NA
Opel Movano,Chasis,MY12,2.3,CDTI,125,Cv,L3H1,3.500,kg,M6,9.2,243,NA
Opel Movano,Chasis,MY12,2.3,CDTI,125,Cv,L3H1,3.500,kg,M6RG9.4,249,NA
Opel Movano,Chasis,MY12,2.3,CDTI,125,Cv,L4H1,3.500,kg,M6RG9.4,249,NA
Opel Movano,Chasis,MY12,2.3,CDTI,146,Cv,L2H1,3.500,kg,M6,9.2,243,NA
Opel Movano,Chasis,MY12,2.3,CDTI,146,Cv,L2H1,3.500,kg,M6RS,9.8,260,NA
Opel Movano,Chasis,MY12,2.3,CDTI,146,Cv,L3H1,3.500,kg,M6,9.2,243,NA
Opel Movano,Chasis,MY12,2.3,CDTI,146,Cv,L3H1,3.500,kg,M6RG9.4,249,NA
Opel Movano,Chasis,MY12,2.3,CDTI,146,Cv,L4H1,3.500,kg,M6RG9.4,249,NA
Opel Movano,Chasis,MY12,Doble,Cabina,2.3,CDTI,125,Cv,L2H1,3.500,kg,M6,9.2,243,NA
Opel Movano,Chasis,MY12,Doble,Cabina,2.3,CDTI,125,Cv,L3H1,3.500,kg,M6,9.2,243,NA
Opel Movano,Chasis,MY12,Doble,Cabina,2.3,CDTI,146,Cv,L2H1,3.500,kg,M6,9.2,243,NA
Opel Movano,Chasis,MY12,Doble,Cabina,2.3,CDTI,146,Cv,L3H1,3.500,kg,M6,9.2,243,NA
Opel Movano,Chasis,MY12,Doble,Cabina,2.3,CDTI,146,Cv,L3H1,3.500,kg,M6RG9.4,249,NA
Opel Movano,Chasis,MY12,Doble,Cabina,2.3,CDTI,146,Cv,L4H1,3.500,kg,M6RG9.4,249,NA
Opel Movano,Chasis,MY14,2.3,CDTI,125,Cv,L2H1,3.500,kg,M6,8.8,229,NA
Opel Movano,Chasis,MY14,2.3,CDTI,125,Cv,L2H1,3.500,kg,M6RS,9.5,248,NA
Opel Movano,Chasis,MY14,2.3,CDTI,125,Cv,L3H1,3.500,kg,M6,8.8,229,NA
Opel Movano,Chasis,MY14,2.3,CDTI,125,Cv,L3H1,3.500,kg,M6RG8.9,232,NA
Opel Movano,Chasis,MY14,2.3,CDTI,125,Cv,L4H1,3.500,kg,M6RG8.9,232,NA
Opel Movano,Chasis,MY14,Doble,Cabina,2.3,CDTI,125,Cv,L2H1,3.500,kg,M6,8.8,229,NA
Opel Movano,Chasis,MY14,Doble,Cabina,2.3,CDTI,125,Cv,L3H1,3.500,kg,M6,8.8,229,NA
Opel Movano,Chasis,MY17,2.3,CDTI,125,Cv,L2H1,3.500,kg,M6,8.6,226,NA
Opel Movano,Chasis,MY17,2.3,CDTI,125,Cv,L2H1,3.500,kg,M6RS,9.5,250,NA
Opel Movano,Chasis,MY17,2.3,CDTI,125,Cv,L3H1,3.500,kg,M6,8.6,226,NA
Opel Movano,Chasis,MY17,2.3,CDTI,125,Cv,L3H1,3.500,kg,M6RG8.9,234,NA
Opel Movano,Chasis,MY17,2.3,CDTI,125,Cv,L4H1,3.500,kg,M6RG8.9,234,NA
Opel Movano,Chasis,MY17,2.3,CDTI,Start,&,Stop,165,Cv,L2H1,3.500,kg,M6,7.2,190,NA
Opel Movano,Chasis,MY17,2.3,CDTI,Start,&,Stop,165,Cv,L2H1,3.500,kg,M6RS,8.3,219,NA
Opel Movano,Chasis,MY17,2.3,CDTI,Start,&,Stop,165,Cv,L3H1,3.500,kg,M6,7.2,190,NA
Opel Movano,Chasis,MY17,2.3,CDTI,Start,&,Stop,165,Cv,L3H1,3.500,kg,M6RG8.2,216,NA
Opel Movano,Chasis,MY17,Doble,Cabina,2.3,CDTI,125,Cv,L2H1,3.500,kg,M6,8.6,226,NA
Opel Movano,Chasis,MY17,Doble,Cabina,2.3,CDTI,125,Cv,L3H1,3.500,kg,M6,8.6,226,NA
Opel Movano,Chasis,MY17,Doble,Cabina,2.3,CDTI,Start,&,Stop,165,Cv,L2H1,3.500,kg,M6,7.2,190,NA
Opel Movano,Chasis,MY17,Doble,Cabina,2.3,CDTI,Start,&,Stop,165,Cv,L3H1,3.500,kg,M6,7.2,190,NA
Opel Movano,Combi,2.3,CDTI,145,Cv,3.000,kg,M6,L1H1,6.3,165,B
Opel Movano,Combi,2.3,CDTI,145,Cv,3.300,kg,M6,L1H1,6.3,165,B
Opel Movano,Combi,2.3,CDTI,145,Cv,3.300,kg,M6,L2H2,6.6,173,A
Opel Movano,Combi,2.3,CDTI,145,Cv,3.300,kg,M6,L2H2,,6.4,168,A
Opel Movano,Combi,2.3,CDTI,145,Cv,3.500,kg,M6,L2H2,6.6,173,A
Opel Movano,Combi,2.3,CDTI,145,Cv,3.500,kg,M6,L2H2,,6.4,168,A
Opel Movano,Combi,2.3,CDTI,170,Cv,3.000,kg,M6,L1H1,6.3,165,B
Opel Movano,Combi,2.3,CDTI,170,Cv,3.300,kg,M6,L1H1,6.3,165,B
Opel Movano,Combi,2.3,CDTI,170,Cv,3.300,kg,M6,L2H2,6.6,173,A
Opel Movano,Combi,2.3,CDTI,170,Cv,3.300,kg,M6,L2H2,,6.4,168,A
Opel Movano,Combi,2.3,CDTI,170,Cv,3.500,kg,M6,L2H2,6.6,173,A
Opel Movano,Combi,2.3,CDTI,170,Cv,3.500,kg,M6,L2H2,,6.4,168,A
Opel Movano,Combi,MY10,2.3,CDTI,125,Cv,3.000,kg,M6,L1H1,7.5,205,D
Opel Movano,Combi,MY10,2.3,CDTI,125,Cv,3.300,kg,M6,L2H2,7.7,209,B
Opel Movano,Combi,MY10,2.3,CDTI,125,Cv,3.500,kg,M6,L1H1,7.5,205,D
Opel Movano,Combi,MY10,2.3,CDTI,125,Cv,3.500,kg,M6,L2H2,7.7,209,B
Opel Movano,Combi,MY10,2.3,CDTI,146,Cv,3.300,kg,M6,L2H2,8.2,216,C
Opel Movano,Combi,MY10,2.3,CDTI,146,Cv,3.500,kg,M6,L2H2,8.2,216,C
Opel Movano,Combi,MY11,2.3,CDTI,100,Cv,3.000,kg,M6,L1H1,7.5,205,D
Opel Movano,Combi,MY12,2.3,CDTI,100,Cv,3.000,kg,M6,L1H1,7.5,205,D
Opel Movano,Combi,MY12,2.3,CDTI,125,Cv,3.000,kg,M6,L1H1,7.2,190,C
Opel Movano,Combi,MY12,2.3,CDTI,125,Cv,3.300,kg,M6,L1H1,7.5,205,D
Opel Movano,Combi,MY12,2.3,CDTI,125,Cv,3.300,kg,M6,L2H2,7.7,209,B
Opel Movano,Combi,MY12,2.3,CDTI,125,Cv,3.500,kg,M6,L2H2,7.7,209,B
Opel Movano,Combi,MY12,2.3,CDTI,146,Cv,3.000,kg,M6,L1H1,8.2,216,D
Opel Movano,Combi,MY12,2.3,CDTI,146,Cv,3.300,kg,A6,Easytronic,L1H1,7.7,204,D
Opel Movano,Combi,MY12,2.3,CDTI,146,Cv,3.300,kg,A6,Easytronic,L2H2,7.7,204,B
Opel Movano,Combi,MY12,2.3,CDTI,146,Cv,3.300,kg,M6,L1H1,8.2,216,D
Opel Movano,Combi,MY12,2.3,CDTI,146,Cv,3.300,kg,M6,L2H2,8.2,216,C
Opel Movano,Combi,MY12,2.3,CDTI,146,Cv,3.500,kg,A6,Easytronic,L2H2,7.7,204,B
Opel Movano,Combi,MY12,2.3,CDTI,146,Cv,3.500,kg,M6,L2H2,8.2,216,C
Opel Movano,Combi,MY12.5,2.3,CDTI,146,Cv,3.000,kg,M6,L1H1,8.4,221,E
Opel Movano,Combi,MY12.5,2.3,CDTI,146,Cv,3.300,kg,A6,Easytronic,L2H2,7.9,208,C
Opel Movano,Combi,MY12.5,2.3,CDTI,146,Cv,3.300,kg,M6,L1H1,8.4,221,E
Opel Movano,Combi,MY12.5,2.3,CDTI,146,Cv,3.300,kg,M6,L2H2,8.5,224,C
Opel Movano,Combi,MY12.5,2.3,CDTI,146,Cv,3.500,kg,A6,Easytronic,L2H2,7.9,208,C
Opel Movano,Combi,MY12.5,2.3,CDTI,146,Cv,3.500,kg,M6,L2H2,8.5,224,C
Opel Movano,Combi,MY14,2.3,CDTI,150,Cv,3.300,kg,A6,Easytronic,L2H2,7.4,194,B
Opel Movano,Combi,MY14,2.3,CDTI,150,Cv,3.500,kg,A6,Easytronic,L2H2,7.4,194,B
Opel Movano,Combi,MY15.5,2.3,CDTI,100,Cv,3.000,kg,M6,L1H1,7.2,190,C
Opel Movano,Combi,MY15.5,2.3,CDTI,110,Cv,3.000,kg,M6,L1H1,7.2,190,C
Opel Movano,Combi,MY15.5,2.3,CDTI,125,Cv,3.000,kg,M6,L1H1,7.2,190,C
Opel Movano,Combi,MY15.5,2.3,CDTI,125,Cv,3.300,kg,M6,L1H1,7.2,190,C
Opel Movano,Combi,MY15.5,2.3,CDTI,125,Cv,3.300,kg,M6,L2H2,7.4,195,B
Opel Movano,Combi,MY15.5,2.3,CDTI,125,Cv,3.500,kg,M6,L2H2,7.4,195,B
Opel Movano,Combi,MY15.5,2.3,CDTI,150,Cv,3.000,kg,M6,L1H1,8,211,D
Opel Movano,Combi,MY15.5,2.3,CDTI,150,Cv,3.300,kg,A6,Easytronic,L1H1,7.4,194,C
Opel Movano,Combi,MY15.5,2.3,CDTI,150,Cv,3.300,kg,A6,Easytronic,L2H2,7.6,198,B
Opel Movano,Combi,MY15.5,2.3,CDTI,150,Cv,3.300,kg,M6,L1H1,8,211,D
Opel Movano,Combi,MY15.5,2.3,CDTI,150,Cv,3.300,kg,M6,L2H2,8,211,C
Opel Movano,Combi,MY15.5,2.3,CDTI,150,Cv,3.500,kg,A6,Easytronic,L2H2,7.6,198,B
Opel Movano,Combi,MY15.5,2.3,CDTI,150,Cv,3.500,kg,M6,L2H2,8,211,C
Opel Movano,Combi,MY15.5,2.3,CDTI,Start,&,Stop,165,Cv,3.000,kg,M6,L1H1,6.4,166,B
Opel Movano,Combi,MY15.5,2.3,CDTI,Start,&,Stop,165,Cv,3.300,kg,M6,L1H1,6.4,166,B
Opel Movano,Combi,MY15.5,2.3,CDTI,Start,&,Stop,165,Cv,3.300,kg,M6,L2H2,6.5,170,A
Opel Movano,Combi,MY15.5,2.3,CDTI,Start,&,Stop,165,Cv,3.500,kg,M6,L2H2,6.5,170,A
Opel Movano,Furgon,2.3,CDTI,110,Cv,L1H1,2.800,kg,M6,7.8,207,NA
Opel Movano,Furgon,2.3,CDTI,110,Cv,L1H1,2.800,kg,M6,7.8,204,NA
Opel Movano,Furgon,2.3,CDTI,110,Cv,L1H1,2.800,kg,M6(FC1),7.7,201,NA
Opel Movano,Furgon,2.3,CDTI,110,Cv,L1H1,3.500,kg,M6,7.8,207,NA
Opel Movano,Furgon,2.3,CDTI,110,Cv,L1H1,3.500,kg,M6,7.8,204,NA
Opel Movano,Furgon,2.3,CDTI,110,Cv,L1H1,3.500,kg,M6,7.7,201,NA
Opel Movano,Furgon,2.3,CDTI,110,Cv,L1H2,3.300,kg,M6,7.8,207,NA
Opel Movano,Furgon,2.3,CDTI,110,Cv,L1H2,3.300,kg,M6,7.8,204,NA
Opel Movano,Furgon,2.3,CDTI,110,Cv,L1H2,3.300,kg,M6,7.7,201,NA
Opel Movano,Furgon,2.3,CDTI,110,Cv,L1H2,3.500,kg,M6,7.8,207,NA
Opel Movano,Furgon,2.3,CDTI,110,Cv,L1H2,3.500,kg,M6,7.8,204,NA
Opel Movano,Furgon,2.3,CDTI,110,Cv,L1H2,3.500,kg,M6,7.7,201,NA
Opel Movano,Furgon,2.3,CDTI,110,Cv,L2H2,3.300,kg,M6,7.8,207,NA
Opel Movano,Furgon,2.3,CDTI,110,Cv,L2H2,3.300,kg,M6,7.8,204,NA
Opel Movano,Furgon,2.3,CDTI,110,Cv,L2H2,3.300,kg,M6(FC2),8,211,NA
Opel Movano,Furgon,2.3,CDTI,110,Cv,L2H2,3.500,kg,M6,7.8,204,NA
Opel Movano,Furgon,2.3,CDTI,110,Cv,L2H2,3.500,kg,M6,7.8,207,NA
Opel Movano,Furgon,2.3,CDTI,110,Cv,L2H2,3.500,kg,M6(FC2),8,211,NA
Opel Movano,Furgon,2.3,CDTI,110,Cv,L2H3,3.500,kg,M6,7.8,204,NA
Opel Movano,Furgon,2.3,CDTI,110,Cv,L2H3,3.500,kg,M6,7.8,207,NA
Opel Movano,Furgon,2.3,CDTI,110,Cv,L2H3,3.500,kg,M6(FC2),8,211,NA
Opel Movano,Furgon,2.3,CDTI,110,Cv,L3H2,3.500,kg,M6,7.9,207,NA
Opel Movano,Furgon,2.3,CDTI,110,Cv,L3H2,3.500,kg,M6,8,211,NA
Opel Movano,Furgon,2.3,CDTI,125,Cv,L1H1,2.800,kg,M6,7.8,207,NA
Opel Movano,Furgon,2.3,CDTI,125,Cv,L1H1,3.500,kg,M6,7.8,207,NA
Opel Movano,Furgon,2.3,CDTI,125,Cv,L1H2,3.300,kg,M6,7.8,207,NA
Opel Movano,Furgon,2.3,CDTI,125,Cv,L1H2,3.500,kg,M6,7.8,207,NA
Opel Movano,Furgon,2.3,CDTI,125,Cv,L2H2,3.300,kg,M6,7.8,207,NA
Opel Movano,Furgon,2.3,CDTI,125,Cv,L2H2,3.300,kg,M6(FC2),8,211,NA
Opel Movano,Furgon,2.3,CDTI,125,Cv,L2H2,3.500,kg,M6,7.8,207,NA
Opel Movano,Furgon,2.3,CDTI,125,Cv,L2H2,3.500,kg,M6(FC2),8,211,NA
Opel Movano,Furgon,2.3,CDTI,125,Cv,L2H3,3.500,kg,M6,7.8,207,NA
Opel Movano,Furgon,2.3,CDTI,125,Cv,L2H3,3.500,kg,M6(FC2),8,211,NA
Opel Movano,Furgon,2.3,CDTI,125,Cv,L3H2,3.500,kg,M6,8,211,NA
Opel Movano,Furgon,2.3,CDTI,125,Cv,L3H2,3.500,kg,M6,RG8.9,232,NA
Opel Movano,Furgon,2.3,CDTI,125,Cv,L3H2,3.500,kg,M6,RS,9.4,246,NA
Opel Movano,Furgon,2.3,CDTI,125,Cv,L3H3,3.500,kg,M6,8,211,NA
Opel Movano,Furgon,2.3,CDTI,125,Cv,L3H3,3.500,kg,M6,RG8.9,232,NA
Opel Movano,Furgon,2.3,CDTI,125,Cv,L3H3,3.500,kg,M6,RS,9.4,246,NA
Opel Movano,Furgon,2.3,CDTI,125,Cv,L4H2,3.500,kg,M6,RG8.9,232,NA
Opel Movano,Furgon,2.3,CDTI,125,Cv,L4H3,3.500,kg,M6,RG8.9,232,NA
Opel Movano,Furgon,2.3,CDTI,130,Cv,L1H1,2.800,kg,M6,7.8,204,NA
Opel Movano,Furgon,2.3,CDTI,130,Cv,L1H1,2.800,kg,M6,7.7,201,NA
Opel Movano,Furgon,2.3,CDTI,130,Cv,L1H1,3.500,kg,M6,7.8,204,NA
Opel Movano,Furgon,2.3,CDTI,130,Cv,L1H1,3.500,kg,M6,7.7,201,NA
Opel Movano,Furgon,2.3,CDTI,130,Cv,L1H2,3.300,kg,M6,7.8,204,NA
Opel Movano,Furgon,2.3,CDTI,130,Cv,L1H2,3.300,kg,M6,7.7,201,NA
Opel Movano,Furgon,2.3,CDTI,130,Cv,L1H2,3.500,kg,M6,7.8,204,NA
Opel Movano,Furgon,2.3,CDTI,130,Cv,L1H2,3.500,kg,M6,7.7,201,NA
Opel Movano,Furgon,2.3,CDTI,130,Cv,L2H2,3.300,kg,M6,7.8,204,NA
Opel Movano,Furgon,2.3,CDTI,130,Cv,L2H2,3.500,kg,M6,7.8,204,NA
Opel Movano,Furgon,2.3,CDTI,130,Cv,L2H3,3.500,kg,M6,7.8,204,NA
Opel Movano,Furgon,2.3,CDTI,130,Cv,L3H2,3.500,kg,M6,RG9.3,242,NA
Opel Movano,Furgon,2.3,CDTI,130,Cv,L3H2,3.500,kg,M6,RS,9,232,NA
Opel Movano,Furgon,2.3,CDTI,130,Cv,L3H3,3.500,kg,M6,7.9,207,NA
Opel Movano,Furgon,2.3,CDTI,130,Cv,L3H3,3.500,kg,M6,RG9.3,242,NA
Opel Movano,Furgon,2.3,CDTI,130,Cv,L3H3,3.500,kg,M6,RS,9,232,NA
Opel Movano,Furgon,2.3,CDTI,130,Cv,L4H2,3.500,kg,M6,RG9.3,242,NA
Opel Movano,Furgon,2.3,CDTI,130,Cv,L4H3,3.500,kg,M6,RG9.3,242,NA
Opel Movano,Furgon,2.3,CDTI,145,Cv,L2H3,3.500,kg,M6,7,183,NA
Opel Movano,Furgon,2.3,CDTI,150,Cv,L2H2,3.500,kg,M6,8.3,219,NA
Opel Movano,Furgon,2.3,CDT,Biturbo,Start,&,Stop,145,Cv,L2H2,3.500,kg,M6,7,183,NA
Opel Movano,Furgon,2.3,CDT,Biturbo,Start,&,Stop,145,Cv,L3H3,3.500,kg,M6,7.2,186,NA
Opel Movano,Furgon,2.3,CDT,Biturbo,Start,&,Stop,170,Cv,L2H2,3.500,kg,M6,T.,7.2,186,NA
Opel Movano,Furgon,2.3,CDT,Biturbo,Start,&,Stop,170,Cv,L3H3,3.500,kg,M6,7.3,189,NA
Opel Movano,Furgon,2.3,CDTI,Start,&,Stop,130,Cv,L3H2,3.500,kg,M6,7.9,207,NA
Opel Movano,Furgon,2.3,CDTI,Start,&,Stop,130,Cv,L4H2,3.500,kg,M6,RS,9,232,NA
Opel Movano,Furgon,2.3,CDTI,Start,&,Stop,130,Cv,L4H3,3.500,kg,M6,RS,9,232,NA
Opel Movano,Furgon,2.3,CDTI,Start,&,Stop,136,Cv,L2H2,3.500,kg,M6,6.9,180,NA
Opel Movano,Furgon,2.3,CDTI,Start,&,Stop,136,Cv,L2H2,3.500,kg,M6(FC2),7,184,NA
Opel Movano,Furgon,2.3,CDTI,Start,&,Stop,136,Cv,L3H2,3.500,kg,M6,7,184,NA
Opel Movano,Furgon,2.3,CDTI,Start,&,Stop,145,Cv,L3H2,3.500,kg,M6,7.2,186,NA
Opel Movano,Furgon,2.3,CDTI,Start,&,Stop,163,Cv,L3H2,3.500,kg,M6,RG8.6,222,NA
Opel Movano,Furgon,2.3,CDTI,Start,&,Stop,163,Cv,L3H2,3.500,kg,M6,RS,8.2,212,NA
Opel Movano,Furgon,2.3,CDTI,Start,&,Stop,163,Cv,L3H3,3.500,kg,M6,RG8.6,222,NA
Opel Movano,Furgon,2.3,CDTI,Start,&,Stop,163,Cv,L3H3,3.500,kg,M6,RS,8.2,212,NA
Opel Movano,Furgon,2.3,CDTI,Start,&,Stop,163,Cv,L4H2,3.500,kg,M6,RG8.6,222,NA
Opel Movano,Furgon,2.3,CDTI,Start,&,Stop,163,Cv,L4H2,3.500,kg,M6,RS,8.2,212,NA
Opel Movano,Furgon,2.3,CDTI,Start,&,Stop,163,Cv,L4H3,3.500,kg,M6,RG8.6,222,NA
Opel Movano,Furgon,2.3,CDTI,Start,&,Stop,163,Cv,L4H3,3.500,kg,M6,RS,8.2,212,NA
Opel Movano,Furgon,2.3,CDTI,Start,&,Stop,165,Cv,L2H2,3.500,kg,M6,6.9,180,NA
Opel Movano,Furgon,2.3,CDTI,Start,&,Stop,165,Cv,L2H2,3.500,kg,M6(FC2),7,184,NA
Opel Movano,Furgon,2.3,CDTI,Start,&,Stop,165,Cv,L2H3,3.500,kg,M6,6.9,180,NA
Opel Movano,Furgon,2.3,CDTI,Start,&,Stop,165,Cv,L2H3,3.500,kg,M6(FC2),7,184,NA
Opel Movano,Furgon,2.3,CDTI,Start,&,Stop,165,Cv,L3H2,3.500,kg,M6,7,184,NA
Opel Movano,Furgon,2.3,CDTI,Start,&,Stop,165,Cv,L3H2,3.500,kg,M6,RG8.1,212,NA
Opel Movano,Furgon,2.3,CDTI,Start,&,Stop,165,Cv,L3H2,3.500,kg,M6,RG,(FC2),8.2,216,NA
Opel Movano,Furgon,2.3,CDTI,Start,&,Stop,165,Cv,L3H2,3.500,kg,M6,RS,8.3,217,NA
Opel Movano,Furgon,2.3,CDTI,Start,&,Stop,165,Cv,L3H3,3.500,kg,M6,7,184,NA
Opel Movano,Furgon,2.3,CDTI,Start,&,Stop,165,Cv,L3H3,3.500,kg,M6,RG8.1,212,NA
Opel Movano,Furgon,2.3,CDTI,Start,&,Stop,165,Cv,L3H3,3.500,kg,M6,RG,(FC2),8.2,216,NA
Opel Movano,Furgon,2.3,CDTI,Start,&,Stop,165,Cv,L3H3,3.500,kg,M6,RS,8.3,217,NA
Opel Movano,Furgon,2.3,CDTI,Start,&,Stop,165,Cv,L4H2,3.500,kg,M6,RG8.2,216,NA
Opel Movano,Furgon,2.3,CDTI,Start,&,Stop,165,Cv,L4H3,3.500,kg,M6,RG8.2,216,NA
Opel Movano,Furgon,2.3,CDTI,Start,&,Stop,170,Cv,L2H3,3.500,kg,M6,7.2,186,NA
Opel Movano,Furgon,2.3,CDTI,Start,&,Stop,170,Cv,L3H2,3.500,kg,M6,7.3,189,NA
Opel Movano,Furgon,Doble,Cabina,2.3,CDTI,125,Cv,L2,3.500,kg,M6,8,211,NA
Opel Movano,Furgon,Doble,Cabina,2.3,CDTI,130,Cv,L2H2,3.500,kg,M6,7.9,207,NA
Opel Movano,Furgon,Doble,Cabina,2.3,CDTI,130,Cv,L3H2,3.500,kg,M6,7.9,207,NA
Opel Movano,Furgon,MY12,2.3,CDTI,100,Cv,L1H1,2.800,kg,M6,8.1,214,NA
Opel Movano,Furgon,MY12,2.3,CDTI,100,Cv,L1H1,3.500,kg,M6,8.2,218,NA
Opel Movano,Furgon,MY12,2.3,CDTI,100,Cv,L1H2,3.300,kg,M6,8.3,221,NA
Opel Movano,Furgon,MY12,2.3,CDTI,100,Cv,L1H2,3.500,kg,M6,8.3,221,NA
Opel Movano,Furgon,MY12,2.3,CDTI,100,Cv,L2H2,3.300,kg,M6,8.6,226,NA
Opel Movano,Furgon,MY12,2.3,CDTI,100,Cv,L2H2,3.500,kg,M6,8.6,226,NA
Opel Movano,Furgon,MY12,2.3,CDTI,100,Cv,L2H3,3.500,kg,M6,8.6,226,NA
Opel Movano,Furgon,MY12,2.3,CDTI,100,Cv,L3H2,3.500,kg,M6,8.6,226,NA
Opel Movano,Furgon,MY12,2.3,CDTI,125,Cv,L1H1,2.800,kg,M6,8.3,221,NA
Opel Movano,Furgon,MY12,2.3,CDTI,125,Cv,L1H1,3.500,kg,M6,8.2,218,NA
Opel Movano,Furgon,MY12,2.3,CDTI,125,Cv,L1H2,3.300,kg,M6,8.3,221,NA
Opel Movano,Furgon,MY12,2.3,CDTI,125,Cv,L1H2,3.500,kg,M6,8.3,221,NA
Opel Movano,Furgon,MY12,2.3,CDTI,125,Cv,L2H2,3.300,kg,M6,8.6,226,NA
Opel Movano,Furgon,MY12,2.3,CDTI,125,Cv,L2H2,3.500,kg,M6,8.6,226,NA
Opel Movano,Furgon,MY12,2.3,CDTI,125,Cv,L2H3,3.500,kg,M6,8.6,226,NA
Opel Movano,Furgon,MY12,2.3,CDTI,125,Cv,L3H2,3.500,kg,M6,8.6,226,NA
Opel Movano,Furgon,MY12,2.3,CDTI,125,Cv,L3H2,3.500,kg,M6,RG9.4,249,NA
Opel Movano,Furgon,MY12,2.3,CDTI,125,Cv,L3H2,3.500,kg,M6,RS,9.4,249,NA
Opel Movano,Furgon,MY12,2.3,CDTI,125,Cv,L3H3,3.500,kg,M6,8.6,226,NA
Opel Movano,Furgon,MY12,2.3,CDTI,125,Cv,L3H3,3.500,kg,M6,RG9.4,249,NA
Opel Movano,Furgon,MY12,2.3,CDTI,125,Cv,L3H3,3.500,kg,M6,RS,9.4,249,NA
Opel Movano,Furgon,MY12,2.3,CDTI,125,Cv,L4H2,3.500,kg,M6,RG9.4,249,NA
Opel Movano,Furgon,MY12,2.3,CDTI,125,Cv,L4H3,3.500,kg,M6,RG9.4,249,NA
Opel Movano,Furgon,MY12,2.3,CDTI,146,Cv,L2H2,3.500,kg,M6,8.7,229,NA
Opel Movano,Furgon,MY12,2.3,CDTI,146,Cv,L2H3,3.500,kg,M6,8.7,229,NA
Opel Movano,Furgon,MY12,2.3,CDTI,146,Cv,L3H2,3.500,kg,M6,8.9,233,NA
Opel Movano,Furgon,MY12,2.3,CDTI,146,Cv,L3H2,3.500,kg,M6,RG9.4,249,NA
Opel Movano,Furgon,MY12,2.3,CDTI,146,Cv,L3H2,3.500,kg,M6,RS,9.8,260,NA
Opel Movano,Furgon,MY12,2.3,CDTI,146,Cv,L3H3,3.500,kg,M6,8.9,233,NA
Opel Movano,Furgon,MY12,2.3,CDTI,146,Cv,L3H3,3.500,kg,M6,RG9.4,249,NA
Opel Movano,Furgon,MY12,2.3,CDTI,146,Cv,L3H3,3.500,kg,M6,RS,9.8,260,NA
Opel Movano,Furgon,MY12,2.3,CDTI,146,Cv,L4H2,3.500,kg,M6,RG9.4,249,NA
Opel Movano,Furgon,MY12,2.3,CDTI,146,Cv,L4H3,3.500,kg,M6,RG9.4,249,NA
Opel Movano,Furgon,MY12,Doble,Cabina,2.3,CDTI,125,Cv,L2,3.500,kg,M6,8.6,226,NA
Opel Movano,Furgon,MY12'5,2.3,CDTI,125,Cv,L2H2,3.500,kg,M6,8,209,NA
Opel Movano,Furgon,MY13,2.3,CDTI,125,Cv,L3H2,3.500,kg,M6,8,209,NA
Opel Movano,Furgon,MY14,2.3,CDTI,125,Cv,L1H1,2.800,kg,M6,7.8,205,NA
Opel Movano,Furgon,MY14,2.3,CDTI,125,Cv,L1H1,3.500,kg,M6,7.8,205,NA
Opel Movano,Furgon,MY14,2.3,CDTI,125,Cv,L1H2,3.300,kg,M6,7.8,205,NA
Opel Movano,Furgon,MY14,2.3,CDTI,125,Cv,L1H2,3.500,kg,M6,7.8,205,NA
Opel Movano,Furgon,MY14,2.3,CDTI,125,Cv,L2H2,3.300,kg,M6,7.8,205,NA
Opel Movano,Furgon,MY14,2.3,CDTI,125,Cv,L2H2,3.500,kg,M6,7.8,205,NA
Opel Movano,Furgon,MY14,2.3,CDTI,125,Cv,L2H3,3.500,kg,M6,7.8,205,NA
Opel Movano,Furgon,MY14,2.3,CDTI,125,Cv,L3H2,3.500,kg,M6,RS,9.2,240,NA
Opel Movano,Furgon,MY14,2.3,CDTI,125,Cv,L3H3,3.500,kg,M6,8,209,NA
Opel Movano,Furgon,MY14,2.3,CDTI,125,Cv,L3H3,3.500,kg,M6,RS,9.2,240,NA
Opel Movano,Furgon,MY14,Doble,Cabina,2.3,CDTI,125,Cv,L2,3.500,kg,M6,8,209,NA
Opel Movano,Furgon,MY14'5,2.3,CDTI,100,Cv,L1H1,2.800,kg,M6,7.5,197,NA
Opel Movano,Furgon,MY14'5,2.3,CDTI,100,Cv,L1H1,3.500,kg,M6,7.8,205,NA
Opel Movano,Furgon,MY14'5,2.3,CDTI,100,Cv,L1H2,3.300,kg,M6,7.8,205,NA
Opel Movano,Furgon,MY14'5,2.3,CDTI,100,Cv,L1H2,3.500,kg,M6,7.8,205,NA
Opel Movano,Furgon,MY14'5,2.3,CDTI,100,Cv,L2H2,3.300,kg,M6,7.8,205,NA
Opel Movano,Furgon,MY14'5,2.3,CDTI,100,Cv,L2H2,3.500,kg,M6,7.8,205,NA
Opel Movano,Furgon,MY14'5,2.3,CDTI,100,Cv,L2H3,3.500,kg,M6,7.8,205,NA
Opel Movano,Furgon,MY14'5,2.3,CDTI,100,Cv,L3H2,3.500,kg,M6,8,209,NA
Opel Movano,Furgon,MY14'5,2.3,CDTI,150,Cv,L2H2,3.500,kg,M6,8.3,219,NA
Opel Movano,Furgon,MY14'5,2.3,CDTI,150,Cv,L2H3,3.500,kg,M6,8.3,219,NA
Opel Movano,Furgon,MY14'5,2.3,CDTI,150,Cv,L3H2,3.500,kg,M6,8.3,223,NA
Opel Movano,Furgon,MY14'5,2.3,CDTI,150,Cv,L3H2,3.500,kg,M6,RG8.9,232,NA
Opel Movano,Furgon,MY14'5,2.3,CDTI,150,Cv,L3H2,3.500,kg,M6,RS,9.4,246,NA
Opel Movano,Furgon,MY14'5,2.3,CDTI,150,Cv,L3H3,3.500,kg,M6,8.3,223,NA
Opel Movano,Furgon,MY14'5,2.3,CDTI,150,Cv,L3H3,3.500,kg,M6,RG8.9,232,NA
Opel Movano,Furgon,MY14'5,2.3,CDTI,150,Cv,L3H3,3.500,kg,M6,RS,9.4,246,NA
Opel Movano,Furgon,MY14'5,2.3,CDTI,150,Cv,L4H2,3.500,kg,M6,RG8.9,232,NA
Opel Movano,Furgon,MY14'5,2.3,CDTI,150,Cv,L4H3,3.500,kg,M6,RG8.9,232,NA
Opel Movano,Furgon,MY17,2.3,CDTI,110,Cv,L1H1,2.800,kg,M6,7.8,207,NA
Opel Movano,Furgon,MY17,2.3,CDTI,110,Cv,L1H1,3.500,kg,M6,7.8,207,NA
Opel Movano,Furgon,MY17,2.3,CDTI,110,Cv,L1H2,3.300,kg,M6,7.8,207,NA
Opel Movano,Furgon,MY17,2.3,CDTI,110,Cv,L2H2,3.300,kg,M6,7.8,207,NA
Opel Movano,Furgon,MY17,2.3,CDTI,110,Cv,L2H2,3.500,kg,M6,7.8,207,NA
Opel Movano,Furgon,MY17,2.3,CDTI,110,Cv,L2H3,3.500,kg,M6,7.8,207,NA
Opel Movano,Furgon,MY17,2.3,CDTI,110,Cv,L3H2,3.500,kg,M6,8,211,NA
Opel Movano,Furgon,MY17,2.3,CDTI,125,Cv,L1H1,2.800,kg,M6,7.8,207,NA
Opel Movano,Furgon,MY17,2.3,CDTI,125,Cv,L1H1,3.500,kg,M6,7.8,207,NA
Opel Movano,Furgon,MY17,2.3,CDTI,125,Cv,L1H2,3.300,kg,M6,7.8,207,NA
Opel Movano,Furgon,MY17,2.3,CDTI,125,Cv,L1H2,3.500,kg,M6,7.8,207,NA
Opel Movano,Furgon,MY17,2.3,CDTI,125,Cv,L2H2,3.300,kg,M6,7.8,207,NA
Opel Movano,Furgon,MY17,2.3,CDTI,125,Cv,L2H2,3.500,kg,M6,7.8,207,NA
Opel Movano,Furgon,MY17,2.3,CDTI,125,Cv,L2H3,3.500,kg,M6,7.8,207,NA
Opel Movano,Furgon,MY17,2.3,CDTI,125,Cv,L2H3,3.500,kg,M6(FC2),8,211,NA
Opel Movano,Furgon,MY17,2.3,CDTI,125,Cv,L3H2,3.500,kg,M6,8,211,NA
Opel Movano,Furgon,MY17,2.3,CDTI,125,Cv,L3H2,3.500,kg,M6,RG8.9,232,NA
Opel Movano,Furgon,MY17,2.3,CDTI,125,Cv,L3H2,3.500,kg,M6,RS,9.4,246,NA
Opel Movano,Furgon,MY17,2.3,CDTI,125,Cv,L3H3,3.500,kg,M6,8,211,NA
Opel Movano,Furgon,MY17,2.3,CDTI,125,Cv,L3H3,3.500,kg,M6,RG8.9,232,NA
Opel Movano,Furgon,MY17,2.3,CDTI,125,Cv,L3H3,3.500,kg,M6,RS,9.4,246,NA
Opel Movano,Furgon,MY17,2.3,CDTI,125,Cv,L4H2,3.500,kg,M6,RG8.9,232,NA
Opel Movano,Furgon,MY17,2.3,CDTI,125,Cv,L4H3,3.500,kg,M6,RG8.9,232,NA
Opel Movano,Furgon,MY17,2.3,CDTI,Start,&,Stop,136,Cv,L2H2,3.500,kg,M6,6.9,180,NA
Opel Movano,Furgon,MY17,2.3,CDTI,Start,&,Stop,136,Cv,L2H2,3.500,kg,M6(FC2),7,184,NA
Opel Movano,Furgon,MY17,2.3,CDTI,Start,&,Stop,136,Cv,L3H2,3.500,kg,M6,7,184,NA
Opel Movano,Furgon,MY17,2.3,CDTI,Start,&,Stop,165,Cv,L2H2,3.500,kg,M6,6.9,180,NA
Opel Movano,Furgon,MY17,2.3,CDTI,Start,&,Stop,165,Cv,L2H2,3.500,kg,M6(FC2),7,184,NA
Opel Movano,Furgon,MY17,2.3,CDTI,Start,&,Stop,165,Cv,L2H3,3.500,kg,M6,6.9,180,NA
Opel Movano,Furgon,MY17,2.3,CDTI,Start,&,Stop,165,Cv,L2H3,3.500,kg,M6(FC2),7,184,NA
Opel Movano,Furgon,MY17,2.3,CDTI,Start,&,Stop,165,Cv,L3H2,3.500,kg,M6,7,184,NA
Opel Movano,Furgon,MY17,2.3,CDTI,Start,&,Stop,165,Cv,L3H2,3.500,kg,M6,RG8.1,212,NA
Opel Movano,Furgon,MY17,2.3,CDTI,Start,&,Stop,165,Cv,L3H2,3.500,kg,M6,RG,(FC2),8.2,216,NA
Opel Movano,Furgon,MY17,2.3,CDTI,Start,&,Stop,165,Cv,L3H2,3.500,kg,M6,RS,8.3,217,NA
Opel Movano,Furgon,MY17,2.3,CDTI,Start,&,Stop,165,Cv,L3H3,3.500,kg,M6,7,184,NA
Opel Movano,Furgon,MY17,2.3,CDTI,Start,&,Stop,165,Cv,L3H3,3.500,kg,M6,RG8.1,212,NA
Opel Movano,Furgon,MY17,2.3,CDTI,Start,&,Stop,165,Cv,L3H3,3.500,kg,M6,RG,(FC2),8.2,216,NA
Opel Movano,Furgon,MY17,2.3,CDTI,Start,&,Stop,165,Cv,L3H3,3.500,kg,M6,RS,8.3,217,NA
Opel Movano,Furgon,MY17,2.3,CDTI,Start,&,Stop,165,Cv,L4H2,3.500,kg,M6,RG8.2,216,NA
Opel Movano,Furgon,MY17,2.3,CDTI,Start,&,Stop,165,Cv,L4H3,3.500,kg,M6,RG8.2,216,NA
Opel Movano,Furgon,MY17,Doble,Cabina,2.3,CDTI,125,Cv,L2H2,3.500,kg,M6,8,211,NA
Opel Movano,Gran,Volumen,2.3,CDTI,125,Cv,L4H1,3.500,kg,M6RG,22m3,8.9,232,NA
Opel Movano,Gran,Volumen,2.3,CDTI,130,Cv,L4H1,3.500,kg,M6RG,22m3,9.3,242,NA
Opel Movano,Gran,Volumen,2.3,CDTI,150,Cv,L4H1,3.500,kg,M6RG,22m3,8.9,232,NA
Opel Movano,Gran,Volumen,2.3,CDTI,165,Cv,L4H1,3.500,kg,M6RG,22m3,8.6,222,NA
Opel Movano,Gran,Volumen,2.3,CDTI,Start,&,Stop,165,Cv,L4H1,3.500,kg,M6RG,22m3,8.2,216,NA
Opel Movano,Gran,Volumen,MY12,2.3,CDTI,125,Cv,L3H1,3.500,kg,M6RG,22m3,9.4,249,NA
Opel Movano,Gran,Volumen,MY12,2.3,CDTI,146,Cv,L3H1,3.500,kg,M6RG,22m3,9.4,249,NA
Opel Movano,Gran,Volumen,MY17,2.3,CDTI,125,Cv,L4H1,3.500,kg,M6RG,22m3,8.9,232,NA
Opel Movano,Plataforma,2.3,CDTI,125,Cv,L2H2,3.500,kg,M6,8.6,226,NA
Opel Movano,Plataforma,2.3,CDTI,125,Cv,L3H2,3.500,kg,M6,8.6,226,NA
Opel Movano,Plataforma,2.3,CDTI,130,Cv,L2H2,3.500,kg,M6,7.9,207,NA
Opel Movano,Plataforma,2.3,CDTI,130,Cv,L3H2,3.500,kg,M6,8.2,212,NA
Opel Movano,Plataforma,2.3,CDTI,145,Cv,L2H2,3.500,kg,M6,7.3,189,NA
Opel Movano,Plataforma,2.3,CDTI,145,Cv,L3H2,3.500,kg,M6,7.4,192,NA
Opel Movano,Plataforma,2.3,CDTI,150,Cv,L2H2,3.500,kg,M6,8.8,229,NA
Opel Movano,Plataforma,2.3,CDTI,150,Cv,L3H2,3.500,kg,M6,8.8,229,NA
Opel Movano,Plataforma,2.3,CDTI,Start,&,Stop,165,Cv,L2H2,3.500,kg,M6,7.2,190,NA
Opel Movano,Plataforma,2.3,CDTI,Start,&,Stop,165,Cv,L3H2,3.500,kg,M6,7.2,190,NA
Opel Movano,Plataforma,MY12,2.3,CDTI,125,Cv,L2H2,3.500,kg,M6,9.2,243,NA
Opel Movano,Plataforma,MY12,2.3,CDTI,125,Cv,L3H2,3.500,kg,M6,9.2,243,NA
Opel Movano,Plataforma,MY12,2.3,CDTI,146,Cv,L2H2,3.500,kg,M6,9.2,243,NA
Opel Movano,Plataforma,MY12,2.3,CDTI,146,Cv,L3H2,3.500,kg,M6,9.2,243,NA
Opel Movano,Plataforma,MY14,2.3,CDTI,125,Cv,L2H2,3.500,kg,M6,8.8,229,NA
Opel Movano,Plataforma,MY14,2.3,CDTI,125,Cv,L3H2,3.500,kg,M6,8.8,229,NA
Opel Movano,Plataforma,MY17,2.3,CDTI,125,Cv,L2H2,3.500,kg,M6,8.6,226,NA
Opel Movano,Plataforma,MY17,2.3,CDTI,125,Cv,L3H2,3.500,kg,M6,8.6,226,NA
Opel Movano,Plataforma,MY17,2.3,CDTI,Start,&,Stop,165,Cv,L2H2,3.500,kg,M6,7.2,190,NA
Opel Movano,Plataforma,MY17,2.3,CDTI,Start,&,Stop,165,Cv,L3H2,3.500,kg,M6,7.2,190,NA
Opel Movano,Volquete,2.3,CDTI,125,Cv,L3H1,3.500,kg,M6RG8.9,232,NA
Opel Movano,Volquete,2.3,CDTI,130,Cv,L3H1,3.500,kg,M6RG9.3,242,NA
Opel Movano,Volquete,2.3,CDTI,150,Cv,L3H1,3.500,kg,M6RG8.9,232,NA
Opel Movano,Volquete,2.3,CDTI,Start,&,Stop,165,Cv,L3H1,3.500,kg,M6RG8.6,222,NA
Opel Movano,Volquete,2.3,CDTI,Start,&,Stop,165,Cv,L3H1,3.500,kg,M6RG8.2,216,NA
Opel Movano,Volquete,MY12,2.3,CDTI,125,Cv,L3H1,3.500,kg,M6RG9.4,249,NA
Opel Movano,Volquete,MY12,2.3,CDTI,146,Cv,L3H1,3.500,kg,M6RG9.4,249,NA
Opel Movano,Volquete,MY17,2.3,CDTI,125,Cv,L3H1,3.500,kg,M6RG8.9,232,NA
Opel Movano,Volquete,MY17,2.3,CDTI,Start,&,Stop,165,Cv,L3H1,3.500,kg,M6RG8.2,216,NA
Opel Vivaro,Combi,1.6,CDTI,Start,&,Stop,120,Cv,L2H1,2.900,kg,M6,6.1,160,NA
Opel Vivaro,Combi,1.6,CDTI,Start,&,Stop,140,Cv,L2H1,2.700,kg,M6,6.2,164,NA
Opel Vivaro,Combi,1.6,CDTI,115,Cv,L1H1,2.700,kg,M6,6.5,170,NA
Opel Vivaro,Combi,1.6,CDTI,115,Cv,L2H1,2.900,kg,M6,6.6,174,NA
Opel Vivaro,Combi,1.6,CDTI,115,Cv,L2H1,2.900,kg,M6,6.6,174,NA
Opel Vivaro,Combi,1.6,CDTI,125,Cv,L1H1,2.700,kg,M6,6.1,159,NA
Opel Vivaro,Combi,1.6,CDTI,125,Cv,L1H1,2.900,kg,M6,6.1,159,NA
Opel Vivaro,Combi,1.6,CDTI,125,Cv,L2H1,2.900,kg,M6,6.1,159,NA
Opel Vivaro,Combi,1.6,CDTI,90,Cv,L1H1,2.700,kg,M6,6.5,170,NA
Opel Vivaro,Combi,1.6,CDTI,90,Cv,L1H1,2.700,kg,M6,6.5,170,NA
Opel Vivaro,Combi,1.6,CDTI,90,Cv,L1H1,2.900,kg,M6,6.5,170,NA
Opel Vivaro,Combi,1.6,CDTI,90,Cv,L2H1,2.900,kg,M6,6.6,174,NA
Opel Vivaro,Combi,1.6,CDTI,95,Cv,L1H1,2.700,kg,M6,6.3,164,NA
Opel Vivaro,Combi,1.6,CDTI,95,Cv,L1H1,2.900,kg,M6,6.3,164,NA
Opel Vivaro,Combi,1.6,CDTI,95,Cv,L2H1,2.900,kg,M6,6.3,164,NA
Opel Vivaro,Combi,1.6,CDT,Biturbo,Start,&,Stop,120,Cv,L1H1,2.900,kg,M6,5.9,155,NA
Opel Vivaro,Combi,1.6,CDT,Biturbo,Start,&,Stop,120,Cv,L2H1,2.900,kg,M6,6.1,160,NA
Opel Vivaro,Combi,1.6,CDT,Biturbo,Start,&,Stop,125,Cv,L1H1,2.700,kg,M6,5.7,149,B
Opel Vivaro,Combi,1.6,CDT,Biturbo,Start,&,Stop,125,Cv,L1H1,2.700,kg,M6,(BRR),5.6,145,B
Opel Vivaro,Combi,1.6,CDT,Biturbo,Start,&,Stop,125,Cv,L1H1,2.900,kg,M6,5.7,149,B
Opel Vivaro,Combi,1.6,CDT,Biturbo,Start,&,Stop,125,Cv,L1H1,2.900,kg,M6,(BRR),5.6,145,B
Opel Vivaro,Combi,1.6,CDT,Biturbo,Start,&,Stop,125,Cv,L2H1,2.900,kg,M6,5.7,149,A
Opel Vivaro,Combi,1.6,CDT,Biturbo,Start,&,Stop,125,Cv,L2H1,2.900,kg,M6,(BRR),5.6,145,A
Opel Vivaro,Combi,1.6,CDT,Biturbo,Start,&,Stop,140,Cv,L1H1,2.900,kg,M6,6.1,160,NA
Opel Vivaro,Combi,1.6,CDT,Biturbo,Start,&,Stop,140,Cv,L2H1,2.700,kg,M6,6.2,164,NA
Opel Vivaro,Combi,1.6,CDT,Biturbo,Start,&,Stop,145,Cv,L1H1,2.700,kg,M6,6,155,B
Opel Vivaro,Combi,1.6,CDT,Biturbo,Start,&,Stop,145,Cv,L1H1,2.700,kg,M6,(BRR),5.9,152,B
Opel Vivaro,Combi,1.6,CDT,Biturbo,Start,&,Stop,145,Cv,L1H1,2.900,kg,M6,6,155,B
Opel Vivaro,Combi,1.6,CDT,Biturbo,Start,&,Stop,145,Cv,L1H1,2.900,kg,M6,(BRR),5.9,152,B
Opel Vivaro,Combi,1.6,CDT,Biturbo,Start,&,Stop,145,Cv,L2H1,2.900,kg,M6,6,155,B
Opel Vivaro,Combi,1.6,CDT,Biturbo,Start,&,Stop,145,Cv,L2H1,2.900,kg,M6,(BRR),5.9,152,A
Opel Vivaro,Combi,1.6,CDTI,Start,&,Stop,125,Cv,L1H1,2.700,kg,M6,5.7,149,B
Opel Vivaro,Combi,1.6,CDTI,Start,&,Stop,125,Cv,L1H1,2.700,kg,M6,(BRR),5.6,145,B
Opel Vivaro,Combi,1.6,CDTI,Start,&,Stop,125,Cv,L1H1,2.900,kg,M6,5.7,149,B
Opel Vivaro,Combi,1.6,CDTI,Start,&,Stop,125,Cv,L1H1,2.900,kg,M6,(BRR),5.6,145,B
Opel Vivaro,Combi,1.6,CDTI,Start,&,Stop,125,Cv,L2H1,2.900,kg,M6,5.6,145,A
Opel Vivaro,Combi,1.6,CDTI,Start,&,Stop,125,Cv,L2H1,2.900,kg,M6,5.7,149,A
Opel Vivaro,Combi,1.6,CDTI,Start,&,Stop,145,Cv,L1H1,2.900,kg,M6,6,155,B
Opel Vivaro,Combi,1.6,CDTI,Start,&,Stop,145,Cv,L1H1,2.900,kg,M6,(BRR),5.9,152,B
Opel Vivaro,Combi,1.6,CDTI,Start,&,Stop,145,Cv,L2H1,2.900,kg,M6,6,155,B
Opel Vivaro,Combi,1.6,CDTI,Start,&,Stop,145,Cv,L2H1,2.900,kg,M6,(BRR),5.9,152,A
Opel Vivaro,Combi,1.6,CDTI,Start,&,Stop,95,Cv,L1H1,2.700,kg,M6,6.1,159,C
Opel Vivaro,Combi,1.6,CDTI,Start,&,Stop,95,Cv,L1H1,2.700,kg,M6,(BRR),6,155,B
Opel Vivaro,Combi,1.6,CDTI,Start,&,Stop,95,Cv,L1H1,2.900,kg,M6,6.1,159,C
Opel Vivaro,Combi,1.6,CDTI,Start,&,Stop,95,Cv,L1H1,2.900,kg,M6,(BRR),6,155,B
Opel Vivaro,Combi,1.6,CDTI,Start,&,Stop,95,Cv,L2H1,2.900,kg,M6,6.1,159,B
Opel Vivaro,Combi,1.6,CDTI,Start,&,Stop,95,Cv,L2H1,2.900,kg,M6,(BRR),6,155,B
Opel Vivaro,Combi,MY11,2.0,CDTI,114,Cv,2.700,kg,M6,L1,6,o,9,7.6,202,F
Opel Vivaro,Combi,MY11,2.0,CDTI,114,Cv,2.900,kg,M6,L1,6,o,9,7.6,202,F
Opel Vivaro,Combi,MY11,2.0,CDTI,114,Cv,2.900,kg,M6,L2,6,o,9,7.6,202,E
Opel Vivaro,Combi,MY11,2.0,CDTI,114,Cv,2.900,kg,M6,L2,9,E04,7.5,199,D
Opel Vivaro,Combi,MY11,L1,2900,kg,146,Cv,E04,Combi,9,8.8,232,G
Opel Vivaro,Combi,MY11,L1,2900,kg,146,Cv,MTA,E04,Combi,9,8.3,218,G
Opel Vivaro,Combi,MY11,L2,2900,kg,114,Cv,E05,Combi,6/9,7.6,202,E
Opel Vivaro,Combi,MY11,L2,2900,kg,146,Cv,E04,Combi,9,8.8,232,F
Opel Vivaro,Combi,MY11,L2,2900,kg,146,Cv,MTA,E04,Combi,9,8.3,218,F
Opel Vivaro,Combi,MY12,2.0,CDTI,114,Cv,2.700,kg,M6,L1,E04,7.5,199,F
Opel Vivaro,Combi,MY12,2.0,CDTI,114,Cv,2.900,kg,M6,L1,E04,7.7,203,F
Opel Vivaro,Combi,MY12,2.0,CDTI,114,Cv,2.900,kg,M6,L2,E04,7.5,199,D
Opel Vivaro,Combi,MY12,2.0,CDTI,90,Cv,2.700,kg,M6,L1,E04,7.5,199,F
Opel Vivaro,Combi,MY12,2.0,CDTI,90,Cv,2.900,kg,M6,L1,E04,7.7,203,F
Opel Vivaro,Combi,MY12,2.0,CDTI,90,Cv,2.900,kg,M6,L2,E04,7.5,199,D
Opel Vivaro,Combi,MY12,Vivaro,Combi,MY12,2900,kg,"Bad,Road",7.6,200,E
Opel Vivaro,Combi,MY14'5,2.0,CDTI,114,Cv,2.700,kg,M6,L1,7.6,202,F
Opel Vivaro,Combi,MY14'5,2.0,CDTI,114,Cv,2.900,kg,M6,L1,7.6,202,F
Opel Vivaro,Combi,MY14'5,2.0,CDTI,114,Cv,2.900,kg,M6,L2,7.3,190,D
Opel Vivaro,Combi,MY14'5,2.0,CDTI,114,Cv,L1,2.700,kg,M6,8,210,NA
Opel Vivaro,Combi,MY14'5,2.0,CDTI,114,Cv,L2,2.900,kg,M6,8,210,NA
Opel Vivaro,Combi,MY14'5,2.0,CDTI,90,Cv,2.700,kg,M6,L1,7.6,202,F
Opel Vivaro,Combi,MY14'5,2.0,CDTI,90,Cv,2.900,kg,M6,L1,7.6,202,F
Opel Vivaro,Combi,MY14'5,2.0,CDTI,90,Cv,2.900,kg,M6,L2,7.3,190,D
Opel Vivaro,Combi,MY15'5,1.6,CDTI,Start,&,Stop,120,Cv,L2H1,2.900,kg,M6,6.1,160,NA
Opel Vivaro,Combi,MY15'5,1.6,CDTI,Start,&,Stop,140,Cv,L2H1,2.700,kg,M6,6.2,164,NA
Opel Vivaro,Combi,MY15'5,1.6,CDTI,115,Cv,L1H1,2.700,kg,M6,6.5,170,NA
Opel Vivaro,Combi,MY15'5,1.6,CDTI,115,Cv,L2H1,2.900,kg,M6,6.6,174,NA
Opel Vivaro,Combi,MY15'5,1.6,CDTI,90,Cv,L1H1,2.700,kg,M6,6.5,170,NA
Opel Vivaro,Combi,MY16,"1.6,CDTI,Start,&,Stop,120,Cv,L1H1,2.900,kg,M6")",5.7,150,B
Opel Vivaro,Combi,MY16,"1.6,CDTI,Start,&,Stop,120,Cv,L2H1,2.900,kg,M6,,5.7,150,A
Opel Vivaro,Combi,MY16,1.6,CDTI,115,Cv,L1H1,2.700,kg,M6,6.6,174,C
Opel Vivaro,Combi,MY16,1.6,CDTI,115,Cv,L1H1,2.900,kg,M6,6.6,174,C
Opel Vivaro,Combi,MY16,1.6,CDTI,115,Cv,L2H1,2.900,kg,M6,6.6,174,B
Opel Vivaro,Combi,MY16,1.6,CDTI,90,Cv,L1H1,2.700,kg,M6,6.6,174,C
Opel Vivaro,Combi,MY16,1.6,CDT,Biturbo,Start,&,Stop,125,Cv,L1H1,2.900,kg,M6,5.7,150,B
Opel Vivaro,Combi,MY16,1.6,CDT,Biturbo,Start,&,Stop,125,Cv,L2H1,2.900,kg,M6,5.7,150,A
Opel Vivaro,Combi,MY16,1.6,CDT,Biturbo,Start,&,Stop,145,Cv,L1H1,2.900,kg,M6,6.4,167,C
Opel Vivaro,Combi,MY16,1.6,CDT,Biturbo,Start,&,Stop,145,Cv,L2H1,2.900,kg,M6,6.4,167,B
Opel Vivaro,Combi,MY16,1.6,CDTI,Start,&,Stop,120,Cv,L1H1,2.900,kg,M6,5.7,149,B
Opel Vivaro,Combi,MY16,1.6,CDTI,Start,&,Stop,120,Cv,L2H1,2.900,kg,M6,5.7,149,A
Opel Vivaro,Combi,MY16,1.6,CDTI,Start,&,Stop,140,Cv,L1H1,2.900,kg,M6,6.2,164,C
Opel Vivaro,Combi,MY16,1.6,CDTI,Start,&,Stop,140,Cv,L2H1,2.900,kg,M6,6.2,164,B
Opel Vivaro,Combi,MY16,1.6,CDTI,Start,&,Stop,95,Cv,L1H1,2.700,kg,M6,6.3,164,C
Opel Vivaro,Combi,MY16,1.6,CDTI,Start,&,Stop,95,Cv,L1H1,2.900,kg,M6,6.3,164,C
Opel Vivaro,Combi,MY16,1.6,CDTI,Start,&,Stop,95,Cv,L2H1,2.900,kg,M6,6.3,164,B
Opel Vivaro,Combi,MY16´5,1.6,CDT,Biturbo,Start,&,Stop,120,Cv,L1H1,2.900,kg,M6,5.9,155,NA
Opel Vivaro,Combi,MY16´5,1.6,CDT,Biturbo,Start,&,Stop,120,Cv,L2H1,2.900,kg,M6,6.1,160,NA
Opel Vivaro,Combi,MY16´5,1.6,CDT,Biturbo,Start,&,Stop,140,Cv,L1H1,2.900,kg,M6,6.1,160,NA
Opel Vivaro,Combi,MY16´5,1.6,CDT,Biturbo,Start,&,Stop,140,Cv,L2H1,2.700,kg,M6,6.2,164,NA
Opel Vivaro,Combi,MY17,1.6,CDTI,115,Cv,L1H1,2.700,kg,M6,6.5,170,NA
Opel Vivaro,Combi,MY17,1.6,CDTI,115,Cv,L1H1,2.900,kg,M6,6.5,170,NA
Opel Vivaro,Combi,MY17,1.6,CDTI,115,Cv,L2H1,2.900,kg,M6,6.6,174,NA
Opel Vivaro,Combi,MY17,1.6,CDTI,90,Cv,L1H1,2.700,kg,M6,6.5,170,NA
Opel Vivaro,Combi,MY17,1.6,CDTI,90,Cv,L1H1,2.900,kg,M6,6.5,170,NA
Opel Vivaro,Combi,MY17,1.6,CDTI,90,Cv,L2H1,2.900,kg,M6,6.6,174,NA
Opel Vivaro,Combi,MY17,1.6,CDT,Biturbo,Start,&,Stop,125,Cv,L1H1,2.700,kg,M6,(BRR),5.6,145,B
Opel Vivaro,Combi,MY17,1.6,CDT,Biturbo,Start,&,Stop,125,Cv,L1H1,2.900,kg,M6,(BRR),5.6,145,B
Opel Vivaro,Combi,MY17,1.6,CDT,Biturbo,Start,&,Stop,125,Cv,L2H1,2.900,kg,M6,(BRR),5.6,145,A
Opel Vivaro,Combi,MY17´5,1.6,CDTI,125,Cv,L1H1,2.700,kg,M6,6.1,159,NA
Opel Vivaro,Combi,MY17´5,1.6,CDTI,125,Cv,L1H1,2.900,kg,M6,6.1,159,NA
Opel Vivaro,Combi,MY17´5,1.6,CDTI,125,Cv,L2H1,2.900,kg,M6,6.1,159,NA
Opel Vivaro,Combi,MY17´5,1.6,CDTI,95,Cv,L1H1,2.700,kg,M6,6.3,164,NA
Opel Vivaro,Combi,MY17´5,1.6,CDTI,95,Cv,L1H1,2.900,kg,M6,6.3,164,NA
Opel Vivaro,Combi,MY17´5,1.6,CDTI,95,Cv,L2H1,2.900,kg,M6,6.3,164,NA
Opel Vivaro,Combi,MY17´5,1.6,CDT,Biturbo,Start,&,Stop,125,Cv,L1H1,2.700,kg,M6,5.7,149,B
Opel Vivaro,Combi,MY17´5,1.6,CDT,Biturbo,Start,&,Stop,125,Cv,L1H1,2.900,kg,M6,5.7,149,B
Opel Vivaro,Combi,MY17´5,1.6,CDT,Biturbo,Start,&,Stop,125,Cv,L2H1,2.900,kg,M6,5.7,149,A
Opel Vivaro,Combi,MY17´5,1.6,CDT,Biturbo,Start,&,Stop,145,Cv,L1H1,2.700,kg,M6,6,155,B
Opel Vivaro,Combi,MY17´5,1.6,CDT,Biturbo,Start,&,Stop,145,Cv,L1H1,2.700,kg,M6,(BRR),5.9,152,B
Opel Vivaro,Combi,MY17´5,1.6,CDT,Biturbo,Start,&,Stop,145,Cv,L1H1,2.900,kg,M6,6,155,B
Opel Vivaro,Combi,MY17´5,1.6,CDT,Biturbo,Start,&,Stop,145,Cv,L1H1,2.900,kg,M6,(BRR),5.9,152,B
Opel Vivaro,Combi,MY17´5,1.6,CDT,Biturbo,Start,&,Stop,145,Cv,L2H1,2.900,kg,M6,6,155,B
Opel Vivaro,Combi,MY17´5,1.6,CDT,Biturbo,Start,&,Stop,145,Cv,L2H1,2.900,kg,M6,(BRR),5.9,152,A
Opel Vivaro,Combi,PLUS,1.6,CDTI,Start,&,Stop,125,Cv,L1H1,2.700,kg,M6,5.7,149,B
Opel Vivaro,Combi,PLUS,1.6,CDTI,Start,&,Stop,125,Cv,L1H1,2.700,kg,M6,(BRR),5.8,152,B
Opel Vivaro,Combi,PLUS,1.6,CDTI,Start,&,Stop,125,Cv,L1H1,2.700,kg,M6,(BRR),5.6,145,B
Opel Vivaro,Combi,PLUS,1.6,CDTI,Start,&,Stop,125,Cv,L2H1,2.900,kg,M6,(BRR),5.8,152,A
Opel Vivaro,Combi,PLUS,1.6,CDTI,Start,&,Stop,125,Cv,L2H1,2.900,kg,M6,(BRR),5.6,145,A
Opel Vivaro,Combi,PLUS,1.6,CDTI,Start,&,Stop,125,Cv,L2H1,2.900,kg,M6,5.7,149,A
Opel Vivaro,Combi,PLUS,1.6,CDTI,Start,&,Stop,145,Cv,L1H1,2.700,kg,M6,5.9,157,B
Opel Vivaro,Combi,PLUS,1.6,CDTI,Start,&,Stop,145,Cv,L1H1,2.700,kg,M6,6,154,B
Opel Vivaro,Combi,PLUS,1.6,CDTI,Start,&,Stop,145,Cv,L1H1,2.700,kg,M6,6,155,B
Opel Vivaro,Combi,PLUS,1.6,CDTI,Start,&,Stop,145,Cv,L1H1,2.700,kg,M6,(BRR),5.9,152,B
Opel Vivaro,Combi,PLUS,1.6,CDTI,Start,&,Stop,145,Cv,L2H1,2.900,kg,M6,5.9,154,A
Opel Vivaro,Combi,PLUS,1.6,CDTI,Start,&,Stop,145,Cv,L2H1,2.900,kg,M6,6,155,B
Opel Vivaro,Combi,PLUS,1.6,CDTI,Start,&,Stop,145,Cv,L2H1,2.900,kg,M6,(BRR),6,157,B
Opel Vivaro,Combi,PLUS,1.6,CDTI,Start,&,Stop,145,Cv,L2H1,2.900,kg,M6,(BRR),5.9,152,A
Opel Vivaro,Combi,PLUS,MY17'5,1.6,CDTI,Start,&,Stop,125,Cv,L1H1,2.700,kg,M6,(BRR),5.6,145,B
Opel Vivaro,Combi,PLUS,MY17'5,1.6,CDTI,Start,&,Stop,125,Cv,L2H1,2.900,kg,M6,(BRR),5.6,145,A
Opel Vivaro,Combi,PLUS,MY17'5,1.6,CDTI,Start,&,Stop,145,Cv,L1H1,2.700,kg,M6,6,155,B
Opel Vivaro,Combi,PLUS,MY17'5,1.6,CDTI,Start,&,Stop,145,Cv,L1H1,2.700,kg,M6,(BRR),5.9,152,B
Opel Vivaro,Combi,PLUS,MY17'5,1.6,CDTI,Start,&,Stop,145,Cv,L2H1,2.900,kg,M6,6,155,B
Opel Vivaro,Combi,PLUS,MY17'5,1.6,CDTI,Start,&,Stop,145,Cv,L2H1,2.900,kg,M6,(BRR),5.9,152,A
Opel Vivaro,Combi,TOURER,1.6,CDTI,Start,&,Stop,145,Cv,L1H1,2.700,kg,M6,6.1,159,C
Opel Vivaro,Combi,TOURER,1.6,CDTI,Start,&,Stop,145,Cv,L1H1,2.700,kg,M6,6,156,B
Opel Vivaro,Combi,TOURER,1.6,CDTI,Start,&,Stop,145,Cv,L1H1,2.700,kg,M6,5.9,152,B
Opel Vivaro,Combi,TOURER,1.6,CDTI,Start,&,Stop,145,Cv,L1H1,2.700,kg,M6,6,155,B
Opel Vivaro,Combi,TOURER,1.6,CDTI,Start,&,Stop,145,Cv,L2H1,2.700,kg,M6,6.1,159,B
Opel Vivaro,Combi,TOURER,1.6,CDTI,Start,&,Stop,145,Cv,L2H1,2.700,kg,M6,6,156,B
Opel Vivaro,Combi,TOURER,1.6,CDTI,Start,&,Stop,145,Cv,L2H1,2.700,kg,M6,5.9,152,A
Opel Vivaro,Combi,TOURER,1.6,CDTI,Start,&,Stop,145,Cv,L2H1,2.700,kg,M6,6,155,B
Opel Vivaro,Combi,TOURER,MY17'5,1.6,CDTI,Start,&,Stop,145,Cv,L1H1,2.700,kg,M6,5.9,152,B
Opel Vivaro,Combi,TOURER,MY17'5,1.6,CDTI,Start,&,Stop,145,Cv,L1H1,2.700,kg,M6,6,155,B
Opel Vivaro,Combi,TOURER,MY17'5,1.6,CDTI,Start,&,Stop,145,Cv,L2H1,2.700,kg,M6,5.9,152,A
Opel Vivaro,Combi,TOURER,MY17'5,1.6,CDTI,Start,&,Stop,145,Cv,L2H1,2.700,kg,M6,6,155,B
Opel Vivaro,Furgon,1.6,CDTI,115,Cv,L1H1,2.700,kg,M6,6.5,170,NA
Opel Vivaro,Furgon,1.6,CDTI,115,Cv,L1H1,2.900,kg,M6,6.5,170,NA
Opel Vivaro,Furgon,1.6,CDTI,115,Cv,L2H1,2900,kg,M6,6.5,170,NA
Opel Vivaro,Furgon,1.6,CDTI,120,Cv,L1H1,2.700,kg,M6,6.5,170,NA
Opel Vivaro,Furgon,1.6,CDTI,120,Cv,L1H1,2.900,kg,M6,6.5,170,NA
Opel Vivaro,Furgon,1.6,CDTI,120,Cv,L2H1,2900,kg,M6,6.7,174,NA
Opel Vivaro,Furgon,1.6,CDTI,140,Cv,L1H1,2.900,kg,M6,6.5,170,NA
Opel Vivaro,Furgon,1.6,CDTI,140,Cv,L1H2,2.900,kg,M6,7.3,191,NA
Opel Vivaro,Furgon,1.6,CDTI,140,Cv,L2H1,2.900,kg,M6,6.5,170,NA
Opel Vivaro,Furgon,1.6,CDTI,140,Cv,L2H2,2.900,kg,M6,7.3,191,NA
Opel Vivaro,Furgon,1.6,CDTI,90,Cv,L1H1,2.700,kg,M6,6.5,170,NA
Opel Vivaro,Furgon,1.6,CDTI,90,Cv,L1H1,2.900,kg,M6,6.5,170,NA
Opel Vivaro,Furgon,1.6,CDTI,90,Cv,L2H1,2900,kg,M6,6.5,170,NA
Opel Vivaro,Furgon,1.6,CDTI,95,Cv,L1H1,2.700,kg,M6,6.5,170,NA
Opel Vivaro,Furgon,1.6,CDTI,95,Cv,L1H1,2.900,kg,M6,6.5,170,NA
Opel Vivaro,Furgon,1.6,CDTI,95,Cv,L2H1,2900,kg,M6,6.7,174,NA
Opel Vivaro,Furgon,1.6,CDTI,Start,&,Stop,120,Cv,L1H1,2.900,kg,M6,5.9,155,NA
Opel Vivaro,Furgon,1.6,CDTI,Start,&,Stop,120,Cv,L1H2,2.900,kg,M6,6.9,181,NA
Opel Vivaro,Furgon,1.6,CDTI,Start,&,Stop,120,Cv,L2H1,2.900,kg,M6,5.9,155,NA
Opel Vivaro,Furgon,1.6,CDTI,Start,&,Stop,120,Cv,L2H2,2.900,kg,M6,6.9,181,NA
Opel Vivaro,Furgon,1.6,CDTI,Start,&,Sto,Biturbo,125,Cv,L1H1,2.900,kg,M6,5.9,155,NA
Opel Vivaro,Furgon,1.6,CDTI,Start,&,Sto,Biturbo,125,Cv,L1H2,2.900,kg,M6,6.8,175,NA
Opel Vivaro,Furgon,1.6,CDTI,Start,&,Sto,Biturbo,125,Cv,L2H1,2.900,kg,M6,6.1,159,NA
Opel Vivaro,Furgon,1.6,CDTI,Start,&,Sto,Biturbo,125,Cv,L2H2,2.900,kg,M6,6.8,175,NA
Opel Vivaro,Furgon,1.6,CDTI,Start,&,Sto,Biturbo,125,Cv,L2H2,2.900,kg,M6,6.7,174,NA
Opel Vivaro,Furgon,1.6,CDTI,Start,&,Sto,Biturbo,125,Cv,L2H2,2.900,kg,M6,6.9,178,NA
Opel Vivaro,Furgon,2.0,CDTI,114,Cv,L1H1,2.700,kg,M6,7.5,198,NA
Opel Vivaro,Furgon,2.0,CDTI,114,Cv,L1H1,2.700,kg,M6,7.5,198,NA
Opel Vivaro,Furgon,2.0,CDTI,114,Cv,L1H1,2.900,kg,M6,7.5,198,NA
Opel Vivaro,Furgon,2.0,CDTI,114,Cv,L1H1,2.900,kg,M6,7.5,198,NA
Opel Vivaro,Furgon,2.0,CDTI,114,Cv,L2H1,2.900,kg,M6,7.5,198,NA
Opel Vivaro,Furgon,2.0,CDTI,114,Cv,L2H1,2.900,kg,M6,7.5,198,NA
Opel Vivaro,Furgon,2.0,CDTI,90,Cv,L1H1,2.700,kg,M6,7.5,198,NA
Opel Vivaro,Furgon,2.0,CDTI,90,Cv,L1H1,2.900,kg,M6,7.5,198,NA
Opel Vivaro,Furgon,2.0,CDTI,90,Cv,L2H1,2.900,kg,M6,7.5,198,NA
Opel Vivaro,Furgon,Doble,Cabina,1.6,CDTI,115,Cv,L1H1,2.900,kg,M6,6.5,170,NA
Opel Vivaro,Furgon,Doble,Cabina,1.6,CDTI,115,Cv,L2H1,2.900,kg,M6,6.6,174,NA
Opel Vivaro,Furgon,Doble,Cabina,1.6,CDTI,120,Cv,L1H1,2.900,kg,M6,6.7,174,NA
Opel Vivaro,Furgon,Doble,Cabina,1.6,CDTI,120,Cv,L2H1,2.900,kg,M6,6.1,160,NA
Opel Vivaro,Furgon,Doble,Cabina,1.6,CDTI,120,Cv,L2H1,2.900,kg,M6,6.7,174,NA
Opel Vivaro,Furgon,Doble,Cabina,1.6,CDTI,125,Cv,L2H1,2.900,kg,M6,6.1,159,NA
Opel Vivaro,Furgon,Doble,Cabina,1.6,CDTI,140,Cv,L1H1,2.900,kg,M6,6.6,174,NA
Opel Vivaro,Furgon,Doble,Cabina,2.0,CDTI,114,Cv,L1,2.900,kg,M6,7.9,207,NA
Opel Vivaro,Furgon,Doble,Cabina,2.0,CDTI,114,Cv,L2,2.900,kg,M6,8,210,NA
Opel Vivaro,Furgon,MY14,2.0,CDTI,114,Cv,L1H1,2.700,kg,M6,7.5,198,NA
Opel Vivaro,Furgon,MY14,2.0,CDTI,114,Cv,L1H1,2.700,kg,M6,7.5,198,NA
Opel Vivaro,Furgon,MY14,2.0,CDTI,114,Cv,L1H1,2.900,kg,M6,7.5,198,NA
Opel Vivaro,Furgon,MY14,2.0,CDTI,114,Cv,L1H1,2.900,kg,M6,7.5,198,NA
Opel Vivaro,Furgon,MY14,2.0,CDTI,114,Cv,L2H1,2.900,kg,M6,7.5,198,NA
Opel Vivaro,Furgon,MY14,2.0,CDTI,114,Cv,L2H1,2.900,kg,M6,7.5,198,NA
Opel Vivaro,Furgon,MY14,2.0,CDTI,90,Cv,L1H1,2.700,kg,M6,7.5,198,NA
Opel Vivaro,Furgon,MY14,2.0,CDTI,90,Cv,L1H1,2.900,kg,M6,7.5,198,NA
Opel Vivaro,Furgon,MY14,2.0,CDTI,90,Cv,L2H1,2.900,kg,M6,7.5,198,NA
Opel Vivaro,Furgon,MY14,Doble,Cabina,2.0,CDTI,114,Cv,L1,2.900,kg,M6,7.9,207,NA
Opel Vivaro,Furgon,MY14,Doble,Cabina,2.0,CDTI,114,Cv,L2,2.900,kg,M6,8,210,NA
Opel Vivaro,Furgon,MY15'5,1.6,CDTI,140,Cv,L2H1,2.900,kg,M6,6.6,174,NA
Opel Vivaro,Furgon,MY15'5,1.6,CDTI,Start,&,Stop,120,Cv,L2H1,2.900,kg,M6,6.1,160,NA
Opel Vivaro,Furgon,MY17´5,1.6,CDTI,Start,&,Sto,Biturbo,125,Cv,L2H2,2.900,kg,M6,6.8,175,NA
Opel Vivaro,Furgon,MY18,1.6,CDTI,Start,&,Sto,Biturbo,125,Cv,L1H2,2.900,kg,M6,6.8,175,NA
Opel Vivaro,Furgon,MY18,1.6,CDTI,Start,&,Sto,Biturbo,125,Cv,L2H2,2.900,kg,M6,6.9,178,NA
Opel Vivaro,Life,1.6,CDTI,Start,&,Stop,145,Cv,L1H1,2.700,kg,M6,6.1,159,C
Opel Vivaro,Life,1.6,CDTI,Start,&,Stop,145,Cv,L1H1,2.700,kg,M6,6,156,B
Opel Vivaro,Life,1.6,CDTI,Start,&,Stop,145,Cv,L2H1,2.700,kg,M6,6.1,159,B
Opel Vivaro,Life,1.6,CDTI,Start,&,Stop,145,Cv,L2H1,2.700,kg,M6,6,156,B
Opel Vivaro,Plataforma,1.6,CDTI,Start,&,Sto,Biturbo,125,Cv,L2,2.900,kg,M6,6.9,178,NA
Opel Vivaro,Plataforma,1.6,CDTI,Start,&,Sto,Biturbo,125,Cv,L2,2.900,kg,M6,7,181,NA
Opel Vivaro,Plataforma,2.0,CDTI,114,Cv,L2,2.900,kg,M6,8,210,NA
Opel Vivaro,Tour,EoFlex,2.0,CDTI,114,Cv,2.700,kg,A6,L1,6.5,171,D
Opel Vivaro,Tour,EoFlex,2.0,CDTI,114,Cv,2.700,kg,M6,L1,6.7,175,D
Opel Vivaro,Tour,EoFlex,MY12,2.0,CDTI,114,Cv,2.700,kg,A6,L1,6.9,180,E
Opel Vivaro,Tour,EoFlex,MY12,2.0,CDTI,114,Cv,2.700,kg,M6,L1,6.9,180,E
Opel Vivaro,Tour,MY11,L1,2700,kg,114,Cv,E04,7.5,199,F
Opel Vivaro,Tour,MY11,L1,2700,kg,114,Cv,E05,7.6,202,F
Opel Vivaro,Tour,MY11,L1,2700,kg,146,Cv,E04,8.8,232,G
Opel Vivaro,Tour,MY11,L1,2700,kg,146,Cv,MTA,E04,8.3,218,G
Opel Vivaro,Tour,MY12,2.0,CDTI,114,Cv,2.700,kg,M6,L1,E04,7.5,199,F
Opel Zafira,1.6,16v,115,Cv,M5,6.7,157,C
Opel Zafira,1.7,CDTI,110,Cv,M6,5.1,134,C
Opel Zafira,1.7,CDTI,125,Cv,M6,5.1,134,C
Opel Zafira,1.8,16v,120,Cv,M5,7.2,168,D
Opel Zafira,1.8,16v,140,Cv,M5,7.2,168,D
Opel Zafira,MY11,1.6,150,Cv,CNG5.1,139,NA
Opel Zafira,MY11,1.8,16V,140,Cv,MTA7,164,D
Opel Zafira,Tourer,"1.4,Turbo,140,CV,A6,Llanta,17"",",6.5,150,B
Opel Zafira,Tourer,"1.4,Turbo,140,CV,A6,Llanta,18"",Y,19´´",6.9,160,C
Opel Zafira,Tourer,"1.4,TURBO,S/S,140,CV,M6",A,19"")",6.5,151,B
Opel Zafira,Tourer,"1.6,CDTI,S/S,120,CV,M6")",4.7,125,B
Opel Zafira,Tourer,1.4,Turbo,120,CV,6.1,144,B
Opel Zafira,Tourer,1.4,Turbo,120,Cv,M6,6.7,158,B
Opel Zafira,Tourer,1.4,Turbo,120,Cv,M6,(M1-AF),6.7,158,B
Opel Zafira,Tourer,1.4,Turbo,140,Cv,A6,6.8,159,B
Opel Zafira,Tourer,1.4,Turbo,140,Cv,A6,,7.2,168,C
Opel Zafira,Tourer,1.4,Turbo,140,Cv,A6,,6.8,159,B
Opel Zafira,Tourer,1.4,Turbo,140,Cv,A6,7.2,168,C
Opel Zafira,Tourer,1.4,Turbo,140,CV,GLP,9.2,149,NA
Opel Zafira,Tourer,1.4,Turbo,140,CV,GLP,6.9,159,C
Opel Zafira,Tourer,1.4,Turbo,140,Cv,M6,GLP,9.53,146,NA
Opel Zafira,Tourer,1.4,Turbo,140,Cv,M6,GLP,(M1-AF),9.53,146,NA
Opel Zafira,Tourer,1.4,Turbo,Start,&,Stop,120,Cv,M6,6.2,143,B
Opel Zafira,Tourer,1.4,Turbo,Start,&,Stop,140,Cv,M6,6.1,144,B
Opel Zafira,Tourer,1.4,Turbo,Start,&,Stop,140,Cv,M6,6.2,143,B
Opel Zafira,Tourer,1.4,Turbo,Start,&,Stop,140,Cv,M6,,6.5,152,B
Opel Zafira,Tourer,1.4,Turbo,Start,&,Stop,140,Cv,M6,,6.5,151,B
Opel Zafira,Tourer,1.4,Turbo,Start,&,Stop,140,Cv,M6,,6.1,144,B
Opel Zafira,Tourer,1.4,Turbo,Start,&,Stop,140,Cv,M6,,6.2,143,B
Opel Zafira,Tourer,1.4,Turbo,Start,&,Stop,140,Cv,M6,6.5,152,B
Opel Zafira,Tourer,1.4,Turbo,Start,&,Stop,140,Cv,M6,6.5,151,B
Opel Zafira,Tourer,1.6,CDTI,134,CV,S/S,4.5,119,A
Opel Zafira,Tourer,1.6,CDTI,134,CV,S/S,,4.7,125,B
Opel Zafira,Tourer,1.6,CDTI,Start,&,Stop,120,Cv,M6,4.5,119,A
Opel Zafira,Tourer,1.6,CDTI,Start,&,Stop,120,Cv,M6,,4.5,119,A
Opel Zafira,Tourer,1.6,CDTI,Start,&,Stop,135,Cv,M6,4.4,117,A
Opel Zafira,Tourer,1.6,CDTI,Start,&,Stop,136,Cv,M6,4.1,109,A
Opel Zafira,Tourer,1.6,CDTI,Start,&,Stop,136,Cv,M6,,4.5,119,A
Opel Zafira,Tourer,1.6,CDTI,Start,&,Stop,136,Cv,M6,,4.1,109,A
Opel Zafira,Tourer,1.6,CDTI,Start,&,Stop,136,Cv,M6,4.5,119,A
Opel Zafira,Tourer,1.6,CNG,150,Cv,M6,4.7,129,NA
Opel Zafira,Tourer,1.6,CNG,150,Cv,M6,,4.7,129,NA
Opel Zafira,Tourer,1.6,Turbo,Start,&,Stop,200,Cv,M6,7.2,168,C
Opel Zafira,Tourer,1.6,Turbo,Start,&,Stop,200,Cv,M6,,7.2,168,C
Opel Zafira,Tourer,1.8,115,Cv,M5,7.2,169,C
Opel Zafira,Tourer,1.8,115,Cv,M5,,7.2,169,C
Opel Zafira,Tourer,2.0,CDTI,110,Cv,M6,5.1,134,B
Opel Zafira,Tourer,2.0,CDTI,110,Cv,M6,,5.1,134,B
Opel Zafira,Tourer,2.0,CDTI,130,Cv,M6,5.1,134,B
Opel Zafira,Tourer,2.0,CDTI,130,Cv,M6,,5.1,134,B
Opel Zafira,Tourer,2.0,CDTI,165,Cv,A6,,5.7,150,C
Opel Zafira,Tourer,2.0,CDTI,165,Cv,M6,5.3,139,C
Opel Zafira,Tourer,2.0,CDTI,165,Cv,M6,,5.3,139,C
Opel Zafira,Tourer,2.0,CDTI,170,Cv,A6,5.8,153,C
Opel Zafira,Tourer,2.0,CDTI,170,Cv,A6,,6.1,161,D
Opel Zafira,Tourer,2.0,CDTI,170,Cv,A6,,5.8,153,C
Opel Zafira,Tourer,2.0,CDTI,170,Cv,A6,6.1,161,D
Opel Zafira,Tourer,2.0,CDTI,Start,&,Stop,170,Cv,M6,4.9,129,B
Opel Zafira,Tourer,2.0,CDTI,Start,&,Stop,170,Cv,M6,,5.2,137,B
Opel Zafira,Tourer,2.0,CDTI,Start,&,Stop,170,Cv,M6,,4.9,129,B
Opel Zafira,Tourer,2.0,CDTI,Start,&,Stop,170,Cv,M6,5.2,137,B
Opel Zafira,Tourer,2.0,CDTI,Start,&,Stop,195,Cv,M6,,5.6,149,C
Opel Zafira,Tourer,2.0,CDTI,Start,&,Stop,EoFlex,130,Cv,M6,4.5,119,A
Opel Zafira,Tourer,2.0,CDTI,Start,&,Stop,EoFlex,130,Cv,M6,,4.5,119,A
Opel Zafira,Tourer,MY12,1.4,Turbo,140,Cv,A6,,7.2,169,C
Opel Zafira,Tourer,MY12,1.4,Turbo,Start,&,Stop,140,Cv,M6,6.3,148,B
Opel Zafira,Tourer,MY12,1.4,Turbo,Start,&,Stop,140,Cv,M6,,6.3,148,B
Opel Zafira,Tourer,MY12,2.0,CDTI,Start,&,Stop,165,Cv,M6,5.2,137,B
Opel Zafira,Tourer,MY12,2.0,CDTI,Start,&,Stop,165,Cv,M6,,5.2,137,B
Opel Zafira,Tourer,MY13,2.0,CDTI,110,Cv,M6,5.2,137,B
Opel Zafira,Tourer,MY13,2.0,CDTI,110,Cv,M6,,5.2,137,B
Opel Zafira,Tourer,MY13,2.0,CDTI,130,Cv,M6,5.2,137,B
Opel Zafira,Tourer,MY13,2.0,CDTI,130,Cv,M6,,5.2,137,B
Opel Zafira,Tourer,MY13,2.0,CDTI,165,Cv,A6,,6,159,D
Opel Zafira,Tourer,MY13,2.0,CDTI,165,Cv,A6,,6,159,D
Opel Zafira,Tourer,MY14,1.4,Turbo,140,Cv,A6,7,164,C
Opel Zafira,Tourer,MY14,2.0,CDTI,165,Cv,A6,5.8,154,C
Opel Zafira,Tourer,MY14,2.0,CDTI,165,Cv,A6,,5.8,154,C
Opel Zafira,Tourer,MY14'5,1.4,Turbo,120,Cv,M6,6.6,154,B
Opel Zafira,Tourer,MY14'5,1.4,Turbo,120,Cv,M6,(M1-AF),6.6,154,B
Opel Zafira,Tourer,MY14'5,1.4,Turbo,140,Cv,A6,,6.8,159,B
Opel Zafira,Tourer,MY14'5,1.4,Turbo,140,Cv,M6,GLP,9.16,139,NA
Opel Zafira,Tourer,MY14'5,1.4,Turbo,140,Cv,M6,GLP,(M1-AF),9.16,139,NA
Opel Zafira,Tourer,MY14'5,1.4,Turbo,Start,&,Stop,140,Cv,M6,6.1,144,B
Opel Zafira,Tourer,MY14'5,1.4,Turbo,Start,&,Stop,140,Cv,M6,,6.1,144,B
Opel Zafira,Tourer,MY14'5,1.6,CDTI,Start,&,Stop,135,Cv,M6,4.1,109,A
Opel Zafira,Tourer,MY14'5,1.6,CDTI,Start,&,Stop,135,Cv,M6,4.4,117,A
Opel Zafira,Tourer,MY14'5,1.6,Turbo,Start,&,Stop,170,Cv,M6,,6.6,154,B
Opel Zafira,Tourer,MY14'5,1.6,Turbo,Start,&,Stop,200,Cv,M6,7,164,C
Opel Zafira,Tourer,MY17,1.4,Turbo,140,Cv,A6,6.8,159,B
Opel Zafira,Tourer,MY17,1.4,Turbo,140,Cv,A6,,7.2,168,C
Opel Zafira,Tourer,MY17,1.4,Turbo,140,Cv,A6,,6.8,159,B
Opel Zafira,Tourer,MY17,1.4,Turbo,140,Cv,M6,GLP,5.1,146,NA
Opel Zafira,Tourer,MY17,1.4,Turbo,140,Cv,M6,GLP,(M1-AF),5.1,146,NA
Opel Zafira,Tourer,MY17,1.6,CDTI,Start,&,Stop,136,Cv,M6,4.1,109,A
Opel Zafira,Tourer,MY17,1.6,CDTI,Start,&,Stop,136,Cv,M6,,4.5,119,A
Opel Zafira,Tourer,MY17,1.6,CDTI,Start,&,Stop,136,Cv,M6,,4.1,109,A
Opel Zafira,Tourer,MY17,1.6,CDTI,Start,&,Stop,136,Cv,M6,4.5,119,A
Opel Zafira,Tourer,MY18,1.4,Turbo,Start,&,Stop,120,Cv,M6,6.2,143,B
Opel Zafira,Tourer,MY18,1.4,Turbo,Start,&,Stop,140,Cv,M6,6.2,143,B
Opel Zafira,Tourer,MY18,1.4,Turbo,Start,&,Stop,140,Cv,M6,,6.2,143,B
Opel Zafira,Tourer,MY18,1.6,CDTI,Start,&,Stop,120,Cv,M6,4.5,119,A
Opel Zafira,Tourer,MY18,1.6,CDTI,Start,&,Stop,120,Cv,M6,,4.5,119,A
Opel Zafira,Tourer,MY18,2.0,CDTI,170,Cv,A6,5.8,153,C
Opel Zafira,Tourer,MY18,2.0,CDTI,170,Cv,A6,,6.1,161,D
Opel Zafira,Tourer,MY18,2.0,CDTI,170,Cv,A6,,5.8,153,C
Opel Zafira,Tourer,MY18,2.0,CDTI,170,Cv,A6,6.1,161,D
